L_HS_S,L_FF,R_HS,R_FF,L_HS_E,Cadence_steps_per_min,Stride_Time_s,Stance_Time_s,Swing_Time_s,Step_Time_s,Total_Double_Support_s,Single_Support_s,Stance_Percent,Swing_Percent
2026-02-02 16:30:01.370,2026-02-02 16:30:03.260,2026-02-02 16:30:02.680,2026-02-02 16:30:01.890,2026-02-02 16:30:04.080,42.857,2.71,1.89,0.82,1.4,1.1,1.61,69.742,30.258
2026-02-02 16:30:04.080,2026-02-02 16:30:05.900,2026-02-02 16:30:05.340,2026-02-02 16:30:04.660,2026-02-02 16:30:06.520,50.847,2.44,1.82,0.62,1.18,1.14,1.3,74.59,25.41
2026-02-02 16:30:06.520,2026-02-02 16:30:08.180,2026-02-02 16:30:07.660,2026-02-02 16:30:07.020,2026-02-02 16:30:08.830,51.282,2.31,1.66,0.65,1.17,1.02,1.29,71.861,28.139
2026-02-02 16:30:08.830,2026-02-02 16:30:10.340,2026-02-02 16:30:09.970,2026-02-02 16:30:09.380,2026-02-02 16:30:11.040,56.075,2.21,1.51,0.7,1.07,0.92,1.29,68.326,31.674
2026-02-02 16:30:11.040,2026-02-02 16:30:12.640,2026-02-02 16:30:12.260,2026-02-02 16:30:11.610,2026-02-02 16:30:13.440,50.847,2.4,1.6,0.8,1.18,0.95,1.45,66.667,33.333
2026-02-02 16:30:13.440,2026-02-02 16:30:15.210,2026-02-02 16:30:14.640,2026-02-02 16:30:14.030,2026-02-02 16:30:15.880,48.387,2.44,1.77,0.67,1.24,1.16,1.28,72.541,27.459
2026-02-02 16:30:15.880,2026-02-02 16:30:17.600,2026-02-02 16:30:17.000,2026-02-02 16:30:16.300,2026-02-02 16:30:18.270,47.244,2.39,1.72,0.67,1.27,1.02,1.37,71.967,28.033
2026-02-02 16:30:18.270,2026-02-02 16:30:19.890,2026-02-02 16:30:19.410,2026-02-02 16:30:18.770,2026-02-02 16:30:20.480,56.075,2.21,1.62,0.59,1.07,0.98,1.23,73.303,26.697
2026-02-02 16:30:20.480,2026-02-02 16:30:22.220,2026-02-02 16:30:21.720,2026-02-02 16:30:20.880,2026-02-02 16:30:22.760,57.692,2.28,1.74,0.54,1.04,0.9,1.38,76.316,23.684
2026-02-02 16:30:22.760,2026-02-02 16:30:24.620,2026-02-02 16:30:24.050,2026-02-02 16:30:23.130,2026-02-02 16:30:25.230,50.847,2.47,1.86,0.61,1.18,0.94,1.53,75.304,24.696
2026-02-02 16:30:25.230,2026-02-02 16:30:26.970,2026-02-02 16:30:26.430,2026-02-02 16:30:25.680,2026-02-02 16:30:27.650,49.18,2.42,1.74,0.68,1.22,0.99,1.43,71.901,28.099
2026-02-02 16:30:27.650,2026-02-02 16:30:29.490,2026-02-02 16:30:28.980,2026-02-02 16:30:28.300,2026-02-02 16:30:30.230,48.0,2.58,1.84,0.74,1.25,1.16,1.42,71.318,28.682
2026-02-02 16:30:30.230,2026-02-02 16:30:29.490,2026-02-02 16:30:31.550,2026-02-02 16:30:30.890,2026-02-02 16:30:30.270,46.875,0.04,0.74,0.78,1.28,2.72,1.44,1850.002,1950.002
2026-02-02 16:30:30.270,2026-02-02 16:30:32.060,2026-02-02 16:30:31.550,2026-02-02 16:30:30.900,2026-02-02 16:30:32.730,50.847,2.46,1.79,0.67,1.18,1.14,1.32,72.764,27.236
2026-02-02 16:30:32.730,2026-02-02 16:30:34.270,2026-02-02 16:30:33.870,2026-02-02 16:30:33.280,2026-02-02 16:30:35.100,48.78,2.37,1.54,0.83,1.23,0.95,1.42,64.979,35.021
2026-02-02 16:30:35.100,2026-02-02 16:30:36.910,2026-02-02 16:30:36.340,2026-02-02 16:30:35.740,2026-02-02 16:30:37.540,50.0,2.44,1.81,0.63,1.2,1.21,1.23,74.18,25.82
2026-02-02 16:30:37.540,2026-02-02 16:30:39.160,2026-02-02 16:30:38.700,2026-02-02 16:30:37.980,2026-02-02 16:30:39.800,54.545,2.26,1.62,0.64,1.1,0.9,1.36,71.681,28.319
2026-02-02 16:30:39.800,2026-02-02 16:30:41.480,2026-02-02 16:30:40.930,2026-02-02 16:30:40.270,2026-02-02 16:30:42.200,47.244,2.4,1.68,0.72,1.27,1.02,1.38,70.0,30.0
2026-02-02 16:30:42.200,2026-02-02 16:30:43.790,2026-02-02 16:30:43.340,2026-02-02 16:30:42.800,2026-02-02 16:30:44.460,53.571,2.26,1.59,0.67,1.12,1.05,1.21,70.354,29.646
2026-02-02 16:30:44.460,2026-02-02 16:30:45.910,2026-02-02 16:30:45.500,2026-02-02 16:30:44.800,2026-02-02 16:30:46.550,57.143,2.09,1.45,0.64,1.05,0.75,1.34,69.378,30.622
2026-02-02 16:30:46.550,2026-02-02 16:30:48.160,2026-02-02 16:30:47.660,2026-02-02 16:30:46.940,2026-02-02 16:30:48.750,55.046,2.2,1.61,0.59,1.09,0.89,1.31,73.182,26.818
2026-02-02 16:30:48.750,2026-02-02 16:30:50.340,2026-02-02 16:30:49.850,2026-02-02 16:30:49.160,2026-02-02 16:30:51.060,49.587,2.31,1.59,0.72,1.21,0.9,1.41,68.831,31.169
2026-02-02 16:30:51.060,2026-02-02 16:30:52.620,2026-02-02 16:30:52.140,2026-02-02 16:30:51.510,2026-02-02 16:30:53.360,49.18,2.3,1.56,0.74,1.22,0.93,1.37,67.826,32.174
2026-02-02 16:30:53.360,2026-02-02 16:30:54.900,2026-02-02 16:30:54.460,2026-02-02 16:30:53.820,2026-02-02 16:30:55.690,48.78,2.33,1.54,0.79,1.23,0.9,1.43,66.094,33.906
2026-02-02 16:30:55.690,2026-02-02 16:30:57.370,2026-02-02 16:30:56.890,2026-02-02 16:30:56.320,2026-02-02 16:30:58.050,51.724,2.36,1.68,0.68,1.16,1.11,1.25,71.186,28.814
2026-02-02 16:30:58.050,2026-02-02 16:30:59.390,2026-02-02 16:30:59.100,2026-02-02 16:30:58.580,2026-02-02 16:30:59.940,71.429,1.89,1.34,0.55,0.84,0.82,1.07,70.899,29.101
2026-02-02 16:30:59.940,2026-02-02 16:31:01.050,2026-02-02 16:31:00.780,2026-02-02 16:31:00.200,2026-02-02 16:31:01.600,73.171,1.66,1.11,0.55,0.82,0.53,1.13,66.867,33.133
2026-02-02 16:31:01.600,2026-02-02 16:31:02.850,2026-02-02 16:31:02.460,2026-02-02 16:31:01.850,2026-02-02 16:31:03.330,68.966,1.73,1.25,0.48,0.87,0.64,1.09,72.254,27.746
2026-02-02 16:31:03.330,2026-02-02 16:31:04.630,2026-02-02 16:31:04.250,2026-02-02 16:31:03.580,2026-02-02 16:31:05.080,72.289,1.75,1.3,0.45,0.83,0.63,1.12,74.286,25.714
2026-02-02 16:31:05.080,2026-02-02 16:31:06.260,2026-02-02 16:31:05.960,2026-02-02 16:31:05.320,2026-02-02 16:31:06.780,73.171,1.7,1.18,0.52,0.82,0.54,1.16,69.412,30.588
2026-02-02 16:31:06.780,2026-02-02 16:31:07.920,2026-02-02 16:31:07.600,2026-02-02 16:31:07.020,2026-02-02 16:31:08.420,73.171,1.64,1.14,0.5,0.82,0.56,1.08,69.512,30.488
2026-02-02 16:31:08.420,2026-02-02 16:31:09.550,2026-02-02 16:31:09.230,2026-02-02 16:31:08.670,2026-02-02 16:31:10.050,73.171,1.63,1.13,0.5,0.82,0.57,1.06,69.325,30.675
2026-02-02 16:31:10.050,2026-02-02 16:31:11.180,2026-02-02 16:31:10.900,2026-02-02 16:31:10.290,2026-02-02 16:31:11.730,72.289,1.68,1.13,0.55,0.83,0.52,1.16,67.262,32.738
2026-02-02 16:31:11.730,2026-02-02 16:31:12.830,2026-02-02 16:31:12.530,2026-02-02 16:31:11.990,2026-02-02 16:31:13.380,70.588,1.65,1.1,0.55,0.85,0.56,1.09,66.667,33.333
2026-02-02 16:31:13.380,2026-02-02 16:31:14.510,2026-02-02 16:31:14.230,2026-02-02 16:31:13.680,2026-02-02 16:31:15.020,75.949,1.64,1.13,0.51,0.79,0.58,1.06,68.902,31.098
2026-02-02 16:31:15.020,2026-02-02 16:31:16.110,2026-02-02 16:31:15.840,2026-02-02 16:31:15.260,2026-02-02 16:31:16.660,73.171,1.64,1.09,0.55,0.82,0.51,1.13,66.463,33.537
2026-02-02 16:31:16.660,2026-02-02 16:31:17.790,2026-02-02 16:31:17.530,2026-02-02 16:31:16.950,2026-02-02 16:31:18.350,73.171,1.69,1.13,0.56,0.82,0.55,1.14,66.864,33.136
2026-02-02 16:31:18.350,2026-02-02 16:31:19.540,2026-02-02 16:31:19.250,2026-02-02 16:31:18.660,2026-02-02 16:31:20.140,67.416,1.79,1.19,0.6,0.89,0.6,1.19,66.48,33.52
2026-02-02 16:31:20.140,2026-02-02 16:31:21.200,2026-02-02 16:31:20.940,2026-02-02 16:31:20.430,2026-02-02 16:31:21.770,72.289,1.63,1.06,0.57,0.83,0.55,1.08,65.031,34.969
2026-02-02 16:31:21.770,2026-02-02 16:31:22.870,2026-02-02 16:31:22.580,2026-02-02 16:31:22.030,2026-02-02 16:31:23.410,72.289,1.64,1.1,0.54,0.83,0.55,1.09,67.073,32.927
2026-02-02 16:31:23.410,2026-02-02 16:31:24.500,2026-02-02 16:31:24.250,2026-02-02 16:31:23.660,2026-02-02 16:31:25.100,70.588,1.69,1.09,0.6,0.85,0.5,1.19,64.497,35.503
2026-02-02 16:31:25.100,2026-02-02 16:31:26.240,2026-02-02 16:31:25.930,2026-02-02 16:31:25.400,2026-02-02 16:31:26.800,68.966,1.7,1.14,0.56,0.87,0.61,1.09,67.059,32.941
2026-02-02 16:31:26.800,2026-02-02 16:31:27.900,2026-02-02 16:31:27.650,2026-02-02 16:31:27.110,2026-02-02 16:31:28.480,72.289,1.68,1.1,0.58,0.83,0.56,1.12,65.476,34.524
2026-02-02 16:31:28.480,2026-02-02 16:31:29.550,2026-02-02 16:31:29.270,2026-02-02 16:31:28.730,2026-02-02 16:31:30.160,67.416,1.68,1.07,0.61,0.89,0.53,1.15,63.69,36.31
2026-02-02 16:31:30.160,2026-02-02 16:31:31.300,2026-02-02 16:31:31.020,2026-02-02 16:31:30.450,2026-02-02 16:31:31.880,69.767,1.72,1.14,0.58,0.86,0.57,1.15,66.279,33.721
2026-02-02 16:31:31.880,2026-02-02 16:31:32.900,2026-02-02 16:31:32.640,2026-02-02 16:31:32.130,2026-02-02 16:31:33.480,71.429,1.6,1.02,0.58,0.84,0.51,1.09,63.75,36.25
2026-02-02 16:31:33.480,2026-02-02 16:31:34.530,2026-02-02 16:31:34.260,2026-02-02 16:31:33.750,2026-02-02 16:31:35.150,67.416,1.67,1.05,0.62,0.89,0.54,1.13,62.874,37.126
2026-02-02 16:31:35.150,2026-02-02 16:31:36.170,2026-02-02 16:31:35.910,2026-02-02 16:31:35.380,2026-02-02 16:31:36.740,72.289,1.59,1.02,0.57,0.83,0.49,1.1,64.151,35.849
2026-02-02 16:31:36.740,2026-02-02 16:31:37.780,2026-02-02 16:31:37.510,2026-02-02 16:31:36.990,2026-02-02 16:31:38.370,69.767,1.63,1.04,0.59,0.86,0.52,1.11,63.804,36.196
2026-02-02 16:31:38.370,2026-02-02 16:31:39.530,2026-02-02 16:31:39.280,2026-02-02 16:31:38.720,2026-02-02 16:31:40.080,75.0,1.71,1.16,0.55,0.8,0.6,1.11,67.836,32.164
2026-02-02 16:31:40.080,2026-02-02 16:31:41.150,2026-02-02 16:31:40.850,2026-02-02 16:31:40.330,2026-02-02 16:31:41.650,75.0,1.57,1.07,0.5,0.8,0.55,1.02,68.153,31.847
2026-02-02 16:31:41.650,2026-02-02 16:31:42.680,2026-02-02 16:31:42.430,2026-02-02 16:31:41.890,2026-02-02 16:31:43.240,74.074,1.59,1.03,0.56,0.81,0.49,1.1,64.78,35.22
2026-02-02 16:31:43.240,2026-02-02 16:31:44.290,2026-02-02 16:31:44.060,2026-02-02 16:31:43.530,2026-02-02 16:31:44.820,78.947,1.58,1.05,0.53,0.76,0.52,1.06,66.456,33.544
2026-02-02 16:31:44.820,2026-02-02 16:31:45.760,2026-02-02 16:31:45.560,2026-02-02 16:31:45.090,2026-02-02 16:31:46.380,73.171,1.56,0.94,0.62,0.82,0.47,1.09,60.256,39.744
2026-02-02 16:31:46.380,2026-02-02 16:31:47.480,2026-02-02 16:31:47.250,2026-02-02 16:31:46.750,2026-02-02 16:31:48.010,78.947,1.63,1.1,0.53,0.76,0.6,1.03,67.485,32.515
2026-02-02 16:31:48.010,2026-02-02 16:31:49.010,2026-02-02 16:31:48.770,2026-02-02 16:31:48.280,2026-02-02 16:31:49.620,70.588,1.61,1.0,0.61,0.85,0.51,1.1,62.112,37.888
2026-02-02 16:31:49.620,2026-02-02 16:31:50.680,2026-02-02 16:31:50.450,2026-02-02 16:31:49.920,2026-02-02 16:31:51.270,73.171,1.65,1.06,0.59,0.82,0.53,1.12,64.242,35.758
2026-02-02 16:31:51.270,2026-02-02 16:31:52.300,2026-02-02 16:31:52.060,2026-02-02 16:31:51.540,2026-02-02 16:31:52.900,71.429,1.63,1.03,0.6,0.84,0.51,1.12,63.19,36.81
2026-02-02 16:31:52.900,2026-02-02 16:31:53.960,2026-02-02 16:31:53.720,2026-02-02 16:31:53.170,2026-02-02 16:31:54.470,80.0,1.57,1.06,0.51,0.75,0.51,1.06,67.516,32.484
2026-02-02 16:31:54.470,2026-02-02 16:31:55.550,2026-02-02 16:31:55.280,2026-02-02 16:31:54.730,2026-02-02 16:31:56.110,72.289,1.64,1.08,0.56,0.83,0.53,1.11,65.854,34.146
2026-02-02 16:31:56.110,2026-02-02 16:31:57.200,2026-02-02 16:31:56.950,2026-02-02 16:31:56.410,2026-02-02 16:31:57.750,75.0,1.64,1.09,0.55,0.8,0.55,1.09,66.463,33.537
2026-02-02 16:31:57.750,2026-02-02 16:31:58.770,2026-02-02 16:31:58.590,2026-02-02 16:31:58.040,2026-02-02 16:31:59.300,84.507,1.55,1.02,0.53,0.71,0.47,1.08,65.806,34.194
2026-02-02 16:31:59.300,2026-02-02 16:32:00.130,2026-02-02 16:31:59.950,2026-02-02 16:31:59.490,2026-02-02 16:32:00.610,90.909,1.31,0.83,0.48,0.66,0.37,0.94,63.359,36.641
2026-02-02 16:32:00.610,2026-02-02 16:32:01.470,2026-02-02 16:32:01.280,2026-02-02 16:32:00.800,2026-02-02 16:32:01.950,89.552,1.34,0.86,0.48,0.67,0.38,0.96,64.179,35.821
2026-02-02 16:32:01.950,2026-02-02 16:32:02.800,2026-02-02 16:32:02.600,2026-02-02 16:32:02.120,2026-02-02 16:32:03.330,82.192,1.38,0.85,0.53,0.73,0.37,1.01,61.594,38.406
2026-02-02 16:32:03.330,2026-02-02 16:32:04.200,2026-02-02 16:32:04.040,2026-02-02 16:32:03.560,2026-02-02 16:32:04.690,92.308,1.36,0.87,0.49,0.65,0.39,0.97,63.971,36.029
2026-02-02 16:32:04.690,2026-02-02 16:32:05.610,2026-02-02 16:32:05.390,2026-02-02 16:32:04.880,2026-02-02 16:32:06.080,86.957,1.39,0.92,0.47,0.69,0.41,0.98,66.187,33.813
2026-02-02 16:32:06.080,2026-02-02 16:32:06.960,2026-02-02 16:32:06.770,2026-02-02 16:32:06.270,2026-02-02 16:32:07.450,88.235,1.37,0.88,0.49,0.68,0.38,0.99,64.234,35.766
2026-02-02 16:32:07.450,2026-02-02 16:32:08.370,2026-02-02 16:32:08.170,2026-02-02 16:32:07.640,2026-02-02 16:32:08.830,90.909,1.38,0.92,0.46,0.66,0.39,0.99,66.667,33.333
2026-02-02 16:32:08.830,2026-02-02 16:32:09.680,2026-02-02 16:32:09.490,2026-02-02 16:32:09.000,2026-02-02 16:32:10.180,86.957,1.35,0.85,0.5,0.69,0.36,0.99,62.963,37.037
2026-02-02 16:32:10.180,2026-02-02 16:32:11.020,2026-02-02 16:32:10.850,2026-02-02 16:32:10.370,2026-02-02 16:32:11.510,90.909,1.33,0.84,0.49,0.66,0.36,0.97,63.158,36.842
2026-02-02 16:32:11.510,2026-02-02 16:32:12.360,2026-02-02 16:32:12.170,2026-02-02 16:32:11.690,2026-02-02 16:32:12.840,89.552,1.33,0.85,0.48,0.67,0.37,0.96,63.91,36.09
2026-02-02 16:32:12.840,2026-02-02 16:32:13.670,2026-02-02 16:32:13.490,2026-02-02 16:32:13.010,2026-02-02 16:32:14.180,86.957,1.34,0.83,0.51,0.69,0.35,0.99,61.94,38.06
2026-02-02 16:32:14.180,2026-02-02 16:32:15.050,2026-02-02 16:32:14.880,2026-02-02 16:32:14.390,2026-02-02 16:32:15.510,95.238,1.33,0.87,0.46,0.63,0.38,0.95,65.414,34.586
2026-02-02 16:32:15.510,2026-02-02 16:32:16.370,2026-02-02 16:32:16.170,2026-02-02 16:32:15.690,2026-02-02 16:32:16.870,85.714,1.36,0.86,0.5,0.7,0.38,0.98,63.235,36.765
2026-02-02 16:32:16.870,2026-02-02 16:32:17.740,2026-02-02 16:32:17.570,2026-02-02 16:32:17.090,2026-02-02 16:32:18.240,89.552,1.37,0.87,0.5,0.67,0.39,0.98,63.504,36.496
2026-02-02 16:32:18.240,2026-02-02 16:32:19.060,2026-02-02 16:32:18.890,2026-02-02 16:32:18.440,2026-02-02 16:32:19.600,84.507,1.36,0.82,0.54,0.71,0.37,0.99,60.294,39.706
2026-02-02 16:32:19.600,2026-02-02 16:32:20.460,2026-02-02 16:32:20.250,2026-02-02 16:32:19.810,2026-02-02 16:32:21.000,80.0,1.4,0.86,0.54,0.75,0.42,0.98,61.429,38.571
2026-02-02 16:32:21.000,2026-02-02 16:32:21.900,2026-02-02 16:32:21.700,2026-02-02 16:32:21.230,2026-02-02 16:32:22.380,88.235,1.38,0.9,0.48,0.68,0.43,0.95,65.217,34.783
2026-02-02 16:32:22.380,2026-02-02 16:32:23.230,2026-02-02 16:32:23.030,2026-02-02 16:32:22.550,2026-02-02 16:32:23.690,90.909,1.31,0.85,0.46,0.66,0.37,0.94,64.885,35.115
2026-02-02 16:32:23.690,2026-02-02 16:32:24.570,2026-02-02 16:32:24.360,2026-02-02 16:32:23.880,2026-02-02 16:32:25.030,89.552,1.34,0.88,0.46,0.67,0.4,0.94,65.672,34.328
2026-02-02 16:32:25.030,2026-02-02 16:32:25.890,2026-02-02 16:32:25.670,2026-02-02 16:32:25.210,2026-02-02 16:32:26.370,85.714,1.34,0.86,0.48,0.7,0.4,0.94,64.179,35.821
2026-02-02 16:32:26.370,2026-02-02 16:32:27.220,2026-02-02 16:32:27.020,2026-02-02 16:32:26.540,2026-02-02 16:32:27.700,88.235,1.33,0.85,0.48,0.68,0.37,0.96,63.91,36.09
2026-02-02 16:32:27.700,2026-02-02 16:32:28.550,2026-02-02 16:32:28.350,2026-02-02 16:32:27.880,2026-02-02 16:32:29.020,89.552,1.32,0.85,0.47,0.67,0.38,0.94,64.394,35.606
2026-02-02 16:32:29.020,2026-02-02 16:32:29.830,2026-02-02 16:32:29.630,2026-02-02 16:32:29.180,2026-02-02 16:32:30.310,88.235,1.29,0.81,0.48,0.68,0.36,0.93,62.791,37.209
2026-02-02 16:32:30.310,2026-02-02 16:32:31.110,2026-02-02 16:32:30.940,2026-02-02 16:32:30.490,2026-02-02 16:32:31.610,89.552,1.3,0.8,0.5,0.67,0.35,0.95,61.538,38.462
2026-02-02 16:32:31.610,2026-02-02 16:32:32.480,2026-02-02 16:32:32.270,2026-02-02 16:32:31.810,2026-02-02 16:32:33.010,81.081,1.4,0.87,0.53,0.74,0.41,0.99,62.143,37.857
2026-02-02 16:32:33.010,2026-02-02 16:32:33.800,2026-02-02 16:32:33.640,2026-02-02 16:32:33.200,2026-02-02 16:32:34.280,93.75,1.27,0.79,0.48,0.64,0.35,0.92,62.205,37.795
2026-02-02 16:32:34.280,2026-02-02 16:32:35.130,2026-02-02 16:32:34.930,2026-02-02 16:32:34.480,2026-02-02 16:32:35.630,85.714,1.35,0.85,0.5,0.7,0.4,0.95,62.963,37.037
2026-02-02 16:32:35.630,2026-02-02 16:32:36.560,2026-02-02 16:32:36.340,2026-02-02 16:32:35.860,2026-02-02 16:32:36.980,93.75,1.35,0.93,0.42,0.64,0.45,0.9,68.889,31.111
2026-02-02 16:32:36.980,2026-02-02 16:32:37.810,2026-02-02 16:32:37.620,2026-02-02 16:32:37.170,2026-02-02 16:32:38.310,86.957,1.33,0.83,0.5,0.69,0.38,0.95,62.406,37.594
2026-02-02 16:32:38.310,2026-02-02 16:32:39.160,2026-02-02 16:32:38.960,2026-02-02 16:32:38.500,2026-02-02 16:32:39.620,90.909,1.31,0.85,0.46,0.66,0.39,0.92,64.886,35.114
2026-02-02 16:32:39.620,2026-02-02 16:32:40.450,2026-02-02 16:32:40.260,2026-02-02 16:32:39.810,2026-02-02 16:32:40.920,90.909,1.3,0.83,0.47,0.66,0.38,0.92,63.846,36.154
2026-02-02 16:32:40.920,2026-02-02 16:32:41.780,2026-02-02 16:32:41.580,2026-02-02 16:32:41.110,2026-02-02 16:32:42.250,89.552,1.33,0.86,0.47,0.67,0.39,0.94,64.662,35.338
2026-02-02 16:32:42.250,2026-02-02 16:32:43.080,2026-02-02 16:32:42.890,2026-02-02 16:32:42.450,2026-02-02 16:32:43.560,89.552,1.31,0.83,0.48,0.67,0.39,0.92,63.359,36.641
2026-02-02 16:32:43.560,2026-02-02 16:32:44.410,2026-02-02 16:32:44.210,2026-02-02 16:32:43.740,2026-02-02 16:32:44.890,88.235,1.33,0.85,0.48,0.68,0.38,0.95,63.91,36.09
2026-02-02 16:32:44.890,2026-02-02 16:32:45.760,2026-02-02 16:32:45.540,2026-02-02 16:32:45.080,2026-02-02 16:32:46.220,88.235,1.33,0.87,0.46,0.68,0.41,0.92,65.414,34.586
2026-02-02 16:32:46.220,2026-02-02 16:32:47.070,2026-02-02 16:32:46.870,2026-02-02 16:32:46.400,2026-02-02 16:32:47.540,89.552,1.32,0.85,0.47,0.67,0.38,0.94,64.394,35.606
2026-02-02 16:32:47.540,2026-02-02 16:32:48.360,2026-02-02 16:32:48.170,2026-02-02 16:32:47.710,2026-02-02 16:32:48.880,84.507,1.34,0.82,0.52,0.71,0.36,0.98,61.194,38.806
2026-02-02 16:32:48.880,2026-02-02 16:32:49.720,2026-02-02 16:32:49.530,2026-02-02 16:32:49.080,2026-02-02 16:32:50.160,95.238,1.28,0.84,0.44,0.63,0.39,0.89,65.625,34.375
2026-02-02 16:32:50.160,2026-02-02 16:32:50.990,2026-02-02 16:32:50.790,2026-02-02 16:32:50.320,2026-02-02 16:32:51.470,88.235,1.31,0.83,0.48,0.68,0.36,0.95,63.359,36.641
2026-02-02 16:32:51.470,2026-02-02 16:32:52.330,2026-02-02 16:32:52.130,2026-02-02 16:32:51.680,2026-02-02 16:32:52.780,92.308,1.31,0.86,0.45,0.65,0.41,0.9,65.649,34.351
2026-02-02 16:32:52.780,2026-02-02 16:32:53.630,2026-02-02 16:32:53.430,2026-02-02 16:32:52.970,2026-02-02 16:32:54.110,88.235,1.33,0.85,0.48,0.68,0.39,0.94,63.91,36.09
2026-02-02 16:32:54.110,2026-02-02 16:32:54.920,2026-02-02 16:32:54.740,2026-02-02 16:32:54.290,2026-02-02 16:32:55.430,86.957,1.32,0.81,0.51,0.69,0.36,0.96,61.364,38.636
2026-02-02 16:32:55.430,2026-02-02 16:32:56.410,2026-02-02 16:32:56.190,2026-02-02 16:32:55.660,2026-02-02 16:32:56.950,78.947,1.52,0.98,0.54,0.76,0.45,1.07,64.474,35.526
2026-02-02 16:32:56.950,2026-02-02 16:32:57.730,2026-02-02 16:32:57.620,2026-02-02 16:32:57.120,2026-02-02 16:32:58.210,101.695,1.26,0.78,0.48,0.59,0.28,0.98,61.905,38.095
2026-02-02 16:32:58.210,2026-02-02 16:32:58.980,2026-02-02 16:32:58.820,2026-02-02 16:32:58.370,2026-02-02 16:32:59.440,96.774,1.23,0.77,0.46,0.62,0.32,0.91,62.602,37.398
2026-02-02 16:32:59.440,2026-02-02 16:33:00.160,2026-02-02 16:33:00.020,2026-02-02 16:32:59.590,2026-02-02 16:33:00.620,100.0,1.18,0.72,0.46,0.6,0.29,0.89,61.017,38.983
2026-02-02 16:33:00.620,2026-02-02 16:33:01.360,2026-02-02 16:33:01.230,2026-02-02 16:33:00.790,2026-02-02 16:33:01.820,101.695,1.2,0.74,0.46,0.59,0.3,0.9,61.667,38.333
2026-02-02 16:33:01.820,2026-02-02 16:33:02.560,2026-02-02 16:33:02.410,2026-02-02 16:33:01.960,2026-02-02 16:33:03.010,100.0,1.19,0.74,0.45,0.6,0.29,0.9,62.185,37.815
2026-02-02 16:33:03.010,2026-02-02 16:33:03.780,2026-02-02 16:33:03.630,2026-02-02 16:33:03.160,2026-02-02 16:33:04.270,93.75,1.26,0.77,0.49,0.64,0.3,0.96,61.111,38.889
2026-02-02 16:33:04.270,2026-02-02 16:33:04.990,2026-02-02 16:33:04.860,2026-02-02 16:33:04.430,2026-02-02 16:33:05.450,101.695,1.18,0.72,0.46,0.59,0.29,0.89,61.017,38.983
2026-02-02 16:33:05.450,2026-02-02 16:33:06.210,2026-02-02 16:33:06.050,2026-02-02 16:33:05.610,2026-02-02 16:33:06.680,95.238,1.23,0.76,0.47,0.63,0.32,0.91,61.789,38.211
2026-02-02 16:33:06.680,2026-02-02 16:33:07.420,2026-02-02 16:33:07.280,2026-02-02 16:33:06.830,2026-02-02 16:33:07.890,98.361,1.21,0.74,0.47,0.61,0.29,0.92,61.157,38.843
2026-02-02 16:33:07.890,2026-02-02 16:33:08.630,2026-02-02 16:33:08.480,2026-02-02 16:33:08.050,2026-02-02 16:33:09.090,98.361,1.2,0.74,0.46,0.61,0.31,0.89,61.667,38.333
2026-02-02 16:33:09.090,2026-02-02 16:33:09.850,2026-02-02 16:33:09.710,2026-02-02 16:33:09.250,2026-02-02 16:33:10.340,95.238,1.25,0.76,0.49,0.63,0.3,0.95,60.8,39.2
2026-02-02 16:33:10.340,2026-02-02 16:33:11.050,2026-02-02 16:33:10.920,2026-02-02 16:33:10.480,2026-02-02 16:33:11.540,96.774,1.2,0.71,0.49,0.62,0.27,0.93,59.167,40.833
2026-02-02 16:33:11.540,2026-02-02 16:33:12.300,2026-02-02 16:33:12.160,2026-02-02 16:33:11.700,2026-02-02 16:33:12.780,96.774,1.24,0.76,0.48,0.62,0.3,0.94,61.29,38.71
2026-02-02 16:33:12.780,2026-02-02 16:33:13.500,2026-02-02 16:33:13.380,2026-02-02 16:33:12.940,2026-02-02 16:33:13.990,98.361,1.21,0.72,0.49,0.61,0.28,0.93,59.504,40.496
2026-02-02 16:33:13.990,2026-02-02 16:33:14.690,2026-02-02 16:33:14.560,2026-02-02 16:33:14.130,2026-02-02 16:33:15.170,98.361,1.18,0.7,0.48,0.61,0.27,0.91,59.322,40.678
2026-02-02 16:33:15.170,2026-02-02 16:33:15.930,2026-02-02 16:33:15.780,2026-02-02 16:33:15.310,2026-02-02 16:33:16.410,95.238,1.24,0.76,0.48,0.63,0.29,0.95,61.29,38.71
2026-02-02 16:33:16.410,2026-02-02 16:33:17.120,2026-02-02 16:33:17.000,2026-02-02 16:33:16.560,2026-02-02 16:33:17.600,100.0,1.19,0.71,0.48,0.6,0.27,0.92,59.664,40.336
2026-02-02 16:33:17.600,2026-02-02 16:33:18.340,2026-02-02 16:33:18.200,2026-02-02 16:33:17.750,2026-02-02 16:33:18.810,98.361,1.21,0.74,0.47,0.61,0.29,0.92,61.157,38.843
2026-02-02 16:33:18.810,2026-02-02 16:33:19.540,2026-02-02 16:33:19.420,2026-02-02 16:33:18.970,2026-02-02 16:33:20.040,96.774,1.23,0.73,0.5,0.62,0.28,0.95,59.35,40.65
2026-02-02 16:33:20.040,2026-02-02 16:33:20.770,2026-02-02 16:33:20.630,2026-02-02 16:33:20.190,2026-02-02 16:33:21.260,95.238,1.22,0.73,0.49,0.63,0.29,0.93,59.836,40.164
2026-02-02 16:33:21.260,2026-02-02 16:33:21.990,2026-02-02 16:33:21.860,2026-02-02 16:33:21.410,2026-02-02 16:33:22.470,98.361,1.21,0.73,0.48,0.61,0.28,0.93,60.331,39.669
2026-02-02 16:33:22.470,2026-02-02 16:33:23.190,2026-02-02 16:33:23.050,2026-02-02 16:33:22.620,2026-02-02 16:33:23.650,100.0,1.18,0.72,0.46,0.6,0.29,0.89,61.017,38.983
2026-02-02 16:33:23.650,2026-02-02 16:33:24.450,2026-02-02 16:33:24.280,2026-02-02 16:33:23.820,2026-02-02 16:33:24.890,98.361,1.24,0.8,0.44,0.61,0.34,0.9,64.516,35.484
2026-02-02 16:33:24.890,2026-02-02 16:33:25.590,2026-02-02 16:33:25.470,2026-02-02 16:33:25.040,2026-02-02 16:33:26.050,103.448,1.16,0.7,0.46,0.58,0.27,0.89,60.345,39.655
2026-02-02 16:33:26.050,2026-02-02 16:33:26.810,2026-02-02 16:33:26.660,2026-02-02 16:33:26.210,2026-02-02 16:33:27.240,103.448,1.19,0.76,0.43,0.58,0.31,0.88,63.866,36.134
2026-02-02 16:33:27.240,2026-02-02 16:33:27.990,2026-02-02 16:33:27.840,2026-02-02 16:33:27.400,2026-02-02 16:33:28.460,96.774,1.22,0.75,0.47,0.62,0.31,0.91,61.475,38.525
2026-02-02 16:33:28.460,2026-02-02 16:33:29.230,2026-02-02 16:33:29.090,2026-02-02 16:33:28.640,2026-02-02 16:33:29.670,103.448,1.21,0.77,0.44,0.58,0.32,0.89,63.636,36.364
2026-02-02 16:33:29.670,2026-02-02 16:33:30.370,2026-02-02 16:33:30.250,2026-02-02 16:33:29.810,2026-02-02 16:33:30.820,105.263,1.15,0.7,0.45,0.57,0.26,0.89,60.87,39.13
2026-02-02 16:33:30.820,2026-02-02 16:33:31.560,2026-02-02 16:33:31.410,2026-02-02 16:33:30.970,2026-02-02 16:33:32.000,101.695,1.18,0.74,0.44,0.59,0.3,0.88,62.712,37.288
2026-02-02 16:33:32.000,2026-02-02 16:33:32.750,2026-02-02 16:33:32.600,2026-02-02 16:33:32.160,2026-02-02 16:33:33.190,101.695,1.19,0.75,0.44,0.59,0.31,0.88,63.025,36.975
2026-02-02 16:33:33.190,2026-02-02 16:33:33.910,2026-02-02 16:33:33.780,2026-02-02 16:33:33.350,2026-02-02 16:33:34.370,101.695,1.18,0.72,0.46,0.59,0.29,0.89,61.017,38.983
2026-02-02 16:33:34.370,2026-02-02 16:33:35.120,2026-02-02 16:33:34.970,2026-02-02 16:33:34.540,2026-02-02 16:33:35.600,95.238,1.23,0.75,0.48,0.63,0.32,0.91,60.976,39.024
2026-02-02 16:33:35.600,2026-02-02 16:33:36.320,2026-02-02 16:33:36.180,2026-02-02 16:33:35.770,2026-02-02 16:33:36.790,98.361,1.19,0.72,0.47,0.61,0.31,0.88,60.504,39.496
2026-02-02 16:33:36.790,2026-02-02 16:33:37.530,2026-02-02 16:33:37.380,2026-02-02 16:33:36.960,2026-02-02 16:33:38.000,96.774,1.21,0.74,0.47,0.62,0.32,0.89,61.157,38.843
2026-02-02 16:33:38.000,2026-02-02 16:33:38.710,2026-02-02 16:33:38.590,2026-02-02 16:33:38.150,2026-02-02 16:33:39.180,101.695,1.18,0.71,0.47,0.59,0.27,0.91,60.169,39.831
2026-02-02 16:33:39.180,2026-02-02 16:33:39.920,2026-02-02 16:33:39.780,2026-02-02 16:33:39.340,2026-02-02 16:33:40.410,95.238,1.23,0.74,0.49,0.63,0.3,0.93,60.163,39.837
2026-02-02 16:33:40.410,2026-02-02 16:33:41.110,2026-02-02 16:33:40.990,2026-02-02 16:33:40.550,2026-02-02 16:33:41.580,101.695,1.17,0.7,0.47,0.59,0.26,0.91,59.829,40.171
2026-02-02 16:33:41.580,2026-02-02 16:33:42.330,2026-02-02 16:33:42.200,2026-02-02 16:33:41.740,2026-02-02 16:33:42.790,101.695,1.21,0.75,0.46,0.59,0.29,0.92,61.983,38.017
2026-02-02 16:33:42.790,2026-02-02 16:33:43.520,2026-02-02 16:33:43.390,2026-02-02 16:33:42.950,2026-02-02 16:33:43.980,101.695,1.19,0.73,0.46,0.59,0.29,0.9,61.345,38.655
2026-02-02 16:33:43.980,2026-02-02 16:33:44.720,2026-02-02 16:33:44.580,2026-02-02 16:33:44.130,2026-02-02 16:33:45.170,101.695,1.19,0.74,0.45,0.59,0.29,0.9,62.185,37.815
2026-02-02 16:33:45.170,2026-02-02 16:33:45.930,2026-02-02 16:33:45.780,2026-02-02 16:33:45.320,2026-02-02 16:33:46.370,101.695,1.2,0.76,0.44,0.59,0.3,0.9,63.333,36.667
2026-02-02 16:33:46.370,2026-02-02 16:33:47.100,2026-02-02 16:33:46.970,2026-02-02 16:33:46.530,2026-02-02 16:33:47.560,101.695,1.19,0.73,0.46,0.59,0.29,0.9,61.345,38.655
2026-02-02 16:33:47.560,2026-02-02 16:33:48.290,2026-02-02 16:33:48.160,2026-02-02 16:33:47.720,2026-02-02 16:33:48.770,98.361,1.21,0.73,0.48,0.61,0.29,0.92,60.331,39.669
2026-02-02 16:33:48.770,2026-02-02 16:33:49.470,2026-02-02 16:33:49.350,2026-02-02 16:33:48.920,2026-02-02 16:33:49.950,100.0,1.18,0.7,0.48,0.6,0.27,0.91,59.322,40.678
2026-02-02 16:33:49.950,2026-02-02 16:33:50.690,2026-02-02 16:33:50.550,2026-02-02 16:33:50.100,2026-02-02 16:33:51.180,95.238,1.23,0.74,0.49,0.63,0.29,0.94,60.163,39.837
2026-02-02 16:33:51.180,2026-02-02 16:33:51.900,2026-02-02 16:33:51.760,2026-02-02 16:33:51.330,2026-02-02 16:33:52.360,100.0,1.18,0.72,0.46,0.6,0.29,0.89,61.017,38.983
2026-02-02 16:33:52.360,2026-02-02 16:33:53.090,2026-02-02 16:33:52.960,2026-02-02 16:33:52.510,2026-02-02 16:33:53.530,105.263,1.17,0.73,0.44,0.57,0.28,0.89,62.393,37.607
2026-02-02 16:33:53.530,2026-02-02 16:33:54.300,2026-02-02 16:33:54.140,2026-02-02 16:33:53.680,2026-02-02 16:33:54.730,101.695,1.2,0.77,0.43,0.59,0.31,0.89,64.167,35.833
2026-02-02 16:33:54.730,2026-02-02 16:33:55.460,2026-02-02 16:33:55.320,2026-02-02 16:33:54.880,2026-02-02 16:33:55.880,107.143,1.15,0.73,0.42,0.56,0.29,0.86,63.478,36.522
2026-02-02 16:33:55.880,2026-02-02 16:33:56.590,2026-02-02 16:33:56.460,2026-02-02 16:33:56.020,2026-02-02 16:33:57.000,111.111,1.12,0.71,0.41,0.54,0.27,0.85,63.393,36.607
2026-02-02 16:33:57.000,2026-02-02 16:33:57.690,2026-02-02 16:33:57.540,2026-02-02 16:33:57.120,2026-02-02 16:33:58.070,113.208,1.07,0.69,0.38,0.53,0.27,0.8,64.486,35.514
2026-02-02 16:33:58.070,2026-02-02 16:33:58.740,2026-02-02 16:33:58.600,2026-02-02 16:33:58.190,2026-02-02 16:33:59.130,113.208,1.06,0.67,0.39,0.53,0.26,0.8,63.208,36.792
2026-02-02 16:33:59.130,2026-02-02 16:33:59.800,2026-02-02 16:33:59.670,2026-02-02 16:33:59.260,2026-02-02 16:34:00.210,111.111,1.08,0.67,0.41,0.54,0.26,0.82,62.037,37.963
2026-02-02 16:34:00.210,2026-02-02 16:34:00.890,2026-02-02 16:34:00.750,2026-02-02 16:34:00.330,2026-02-02 16:34:01.300,109.091,1.09,0.68,0.41,0.55,0.26,0.83,62.385,37.615
2026-02-02 16:34:01.300,2026-02-02 16:34:01.960,2026-02-02 16:34:01.820,2026-02-02 16:34:01.410,2026-02-02 16:34:02.370,109.091,1.07,0.66,0.41,0.55,0.25,0.82,61.682,38.318
2026-02-02 16:34:02.370,2026-02-02 16:34:03.040,2026-02-02 16:34:02.900,2026-02-02 16:34:02.490,2026-02-02 16:34:03.430,113.208,1.06,0.67,0.39,0.53,0.26,0.8,63.208,36.792
2026-02-02 16:34:03.430,2026-02-02 16:34:04.120,2026-02-02 16:34:03.970,2026-02-02 16:34:03.550,2026-02-02 16:34:04.500,113.208,1.07,0.69,0.38,0.53,0.27,0.8,64.486,35.514
2026-02-02 16:34:04.500,2026-02-02 16:34:05.200,2026-02-02 16:34:05.050,2026-02-02 16:34:04.630,2026-02-02 16:34:05.600,109.091,1.1,0.7,0.4,0.55,0.28,0.82,63.636,36.364
2026-02-02 16:34:05.600,2026-02-02 16:34:06.270,2026-02-02 16:34:06.120,2026-02-02 16:34:05.710,2026-02-02 16:34:06.670,109.091,1.07,0.67,0.4,0.55,0.26,0.81,62.617,37.383
2026-02-02 16:34:06.670,2026-02-02 16:34:07.330,2026-02-02 16:34:07.200,2026-02-02 16:34:06.790,2026-02-02 16:34:07.750,109.091,1.08,0.66,0.42,0.55,0.25,0.83,61.111,38.889
2026-02-02 16:34:07.750,2026-02-02 16:34:08.410,2026-02-02 16:34:08.270,2026-02-02 16:34:07.870,2026-02-02 16:34:08.830,107.143,1.08,0.66,0.42,0.56,0.26,0.82,61.111,38.889
2026-02-02 16:34:08.830,2026-02-02 16:34:09.500,2026-02-02 16:34:09.340,2026-02-02 16:34:08.950,2026-02-02 16:34:09.910,105.263,1.08,0.67,0.41,0.57,0.28,0.8,62.037,37.963
2026-02-02 16:34:09.910,2026-02-02 16:34:10.580,2026-02-02 16:34:10.440,2026-02-02 16:34:10.030,2026-02-02 16:34:11.010,105.263,1.1,0.67,0.43,0.57,0.26,0.84,60.909,39.091
2026-02-02 16:34:11.010,2026-02-02 16:34:11.690,2026-02-02 16:34:11.550,2026-02-02 16:34:11.140,2026-02-02 16:34:12.070,115.385,1.06,0.68,0.38,0.52,0.27,0.79,64.151,35.849
2026-02-02 16:34:12.070,2026-02-02 16:34:12.740,2026-02-02 16:34:12.600,2026-02-02 16:34:12.190,2026-02-02 16:34:13.130,113.208,1.06,0.67,0.39,0.53,0.26,0.8,63.208,36.792
2026-02-02 16:34:13.130,2026-02-02 16:34:13.800,2026-02-02 16:34:13.680,2026-02-02 16:34:13.260,2026-02-02 16:34:14.230,109.091,1.1,0.67,0.43,0.55,0.25,0.85,60.909,39.091
2026-02-02 16:34:14.230,2026-02-02 16:34:14.910,2026-02-02 16:34:14.760,2026-02-02 16:34:14.350,2026-02-02 16:34:15.320,107.143,1.09,0.68,0.41,0.56,0.27,0.82,62.385,37.615
2026-02-02 16:34:15.320,2026-02-02 16:34:15.980,2026-02-02 16:34:15.850,2026-02-02 16:34:15.430,2026-02-02 16:34:16.390,111.111,1.07,0.66,0.41,0.54,0.24,0.83,61.682,38.318
2026-02-02 16:34:16.390,2026-02-02 16:34:17.040,2026-02-02 16:34:16.910,2026-02-02 16:34:16.510,2026-02-02 16:34:17.470,107.143,1.08,0.65,0.43,0.56,0.25,0.83,60.185,39.815
2026-02-02 16:34:17.470,2026-02-02 16:34:18.110,2026-02-02 16:34:17.980,2026-02-02 16:34:17.570,2026-02-02 16:34:18.530,109.091,1.06,0.64,0.42,0.55,0.23,0.83,60.377,39.623
2026-02-02 16:34:18.530,2026-02-02 16:34:19.200,2026-02-02 16:34:19.050,2026-02-02 16:34:18.650,2026-02-02 16:34:19.570,115.385,1.04,0.67,0.37,0.52,0.27,0.77,64.423,35.577
2026-02-02 16:34:19.570,2026-02-02 16:34:20.200,2026-02-02 16:34:20.090,2026-02-02 16:34:19.670,2026-02-02 16:34:20.630,111.111,1.06,0.63,0.43,0.54,0.21,0.85,59.434,40.566
2026-02-02 16:34:20.630,2026-02-02 16:34:21.310,2026-02-02 16:34:21.180,2026-02-02 16:34:20.760,2026-02-02 16:34:21.730,109.091,1.1,0.68,0.42,0.55,0.26,0.84,61.818,38.182
2026-02-02 16:34:21.730,2026-02-02 16:34:22.370,2026-02-02 16:34:22.240,2026-02-02 16:34:21.830,2026-02-02 16:34:22.780,111.111,1.05,0.64,0.41,0.54,0.23,0.82,60.952,39.048
2026-02-02 16:34:22.780,2026-02-02 16:34:23.450,2026-02-02 16:34:23.320,2026-02-02 16:34:22.900,2026-02-02 16:34:23.880,107.143,1.1,0.67,0.43,0.56,0.25,0.85,60.909,39.091
2026-02-02 16:34:23.880,2026-02-02 16:34:24.540,2026-02-02 16:34:24.410,2026-02-02 16:34:23.990,2026-02-02 16:34:24.960,109.091,1.08,0.66,0.42,0.55,0.24,0.84,61.111,38.889
2026-02-02 16:34:24.960,2026-02-02 16:34:25.600,2026-02-02 16:34:25.480,2026-02-02 16:34:25.060,2026-02-02 16:34:26.050,105.263,1.09,0.64,0.45,0.57,0.22,0.87,58.716,41.284
2026-02-02 16:34:26.050,2026-02-02 16:34:26.710,2026-02-02 16:34:26.570,2026-02-02 16:34:26.150,2026-02-02 16:34:27.130,107.143,1.08,0.66,0.42,0.56,0.24,0.84,61.111,38.889
2026-02-02 16:34:27.130,2026-02-02 16:34:27.770,2026-02-02 16:34:27.640,2026-02-02 16:34:27.220,2026-02-02 16:34:28.190,109.091,1.06,0.64,0.42,0.55,0.22,0.84,60.377,39.623
2026-02-02 16:34:28.190,2026-02-02 16:34:28.850,2026-02-02 16:34:28.720,2026-02-02 16:34:28.310,2026-02-02 16:34:29.290,105.263,1.1,0.66,0.44,0.57,0.25,0.85,60.0,40.0
2026-02-02 16:34:29.290,2026-02-02 16:34:29.950,2026-02-02 16:34:29.810,2026-02-02 16:34:29.400,2026-02-02 16:34:30.360,109.091,1.07,0.66,0.41,0.55,0.25,0.82,61.682,38.318
2026-02-02 16:34:30.360,2026-02-02 16:34:31.040,2026-02-02 16:34:30.890,2026-02-02 16:34:30.480,2026-02-02 16:34:31.440,109.091,1.08,0.68,0.4,0.55,0.27,0.81,62.963,37.037
2026-02-02 16:34:31.440,2026-02-02 16:34:32.100,2026-02-02 16:34:31.970,2026-02-02 16:34:31.560,2026-02-02 16:34:32.510,111.111,1.07,0.66,0.41,0.54,0.25,0.82,61.682,38.318
2026-02-02 16:34:32.510,2026-02-02 16:34:33.190,2026-02-02 16:34:33.040,2026-02-02 16:34:32.630,2026-02-02 16:34:33.610,105.263,1.1,0.68,0.42,0.57,0.27,0.83,61.818,38.182
2026-02-02 16:34:33.610,2026-02-02 16:34:34.270,2026-02-02 16:34:34.130,2026-02-02 16:34:33.720,2026-02-02 16:34:34.670,111.111,1.06,0.66,0.4,0.54,0.25,0.81,62.264,37.736
2026-02-02 16:34:34.670,2026-02-02 16:34:35.340,2026-02-02 16:34:35.210,2026-02-02 16:34:34.790,2026-02-02 16:34:35.770,107.143,1.1,0.67,0.43,0.56,0.25,0.85,60.909,39.091
2026-02-02 16:34:35.770,2026-02-02 16:34:36.420,2026-02-02 16:34:36.300,2026-02-02 16:34:35.890,2026-02-02 16:34:36.840,111.111,1.07,0.65,0.42,0.54,0.24,0.83,60.748,39.252
2026-02-02 16:34:36.840,2026-02-02 16:34:37.500,2026-02-02 16:34:37.370,2026-02-02 16:34:36.970,2026-02-02 16:34:37.930,107.143,1.09,0.66,0.43,0.56,0.26,0.83,60.55,39.45
2026-02-02 16:34:37.930,2026-02-02 16:34:38.610,2026-02-02 16:34:38.460,2026-02-02 16:34:38.050,2026-02-02 16:34:39.020,107.143,1.09,0.68,0.41,0.56,0.27,0.82,62.385,37.615
2026-02-02 16:34:39.020,2026-02-02 16:34:39.680,2026-02-02 16:34:39.550,2026-02-02 16:34:39.140,2026-02-02 16:34:40.080,113.208,1.06,0.66,0.4,0.53,0.25,0.81,62.264,37.736
2026-02-02 16:34:40.080,2026-02-02 16:34:40.770,2026-02-02 16:34:40.630,2026-02-02 16:34:40.220,2026-02-02 16:34:41.170,111.111,1.09,0.69,0.4,0.54,0.28,0.81,63.303,36.697
2026-02-02 16:34:41.170,2026-02-02 16:34:41.860,2026-02-02 16:34:41.710,2026-02-02 16:34:41.290,2026-02-02 16:34:42.250,111.111,1.08,0.69,0.39,0.54,0.27,0.81,63.889,36.111
2026-02-02 16:34:42.250,2026-02-02 16:34:42.920,2026-02-02 16:34:42.790,2026-02-02 16:34:42.380,2026-02-02 16:34:43.330,111.111,1.08,0.67,0.41,0.54,0.26,0.82,62.037,37.963
2026-02-02 16:34:43.330,2026-02-02 16:34:44.000,2026-02-02 16:34:43.850,2026-02-02 16:34:43.450,2026-02-02 16:34:44.410,107.143,1.08,0.67,0.41,0.56,0.27,0.81,62.037,37.963
2026-02-02 16:34:44.410,2026-02-02 16:34:45.070,2026-02-02 16:34:44.940,2026-02-02 16:34:44.530,2026-02-02 16:34:45.470,113.208,1.06,0.66,0.4,0.53,0.25,0.81,62.264,37.736
2026-02-02 16:34:45.470,2026-02-02 16:34:46.150,2026-02-02 16:34:46.000,2026-02-02 16:34:45.590,2026-02-02 16:34:46.530,113.208,1.06,0.68,0.38,0.53,0.27,0.79,64.151,35.849
2026-02-02 16:34:46.530,2026-02-02 16:34:47.210,2026-02-02 16:34:47.070,2026-02-02 16:34:46.660,2026-02-02 16:34:47.620,109.091,1.09,0.68,0.41,0.55,0.27,0.82,62.385,37.615
2026-02-02 16:34:47.620,2026-02-02 16:34:48.280,2026-02-02 16:34:48.150,2026-02-02 16:34:47.730,2026-02-02 16:34:48.680,113.208,1.06,0.66,0.4,0.53,0.24,0.82,62.264,37.736
2026-02-02 16:34:48.680,2026-02-02 16:34:49.350,2026-02-02 16:34:49.220,2026-02-02 16:34:48.810,2026-02-02 16:34:49.760,111.111,1.08,0.67,0.41,0.54,0.26,0.82,62.037,37.963
2026-02-02 16:34:49.760,2026-02-02 16:34:50.460,2026-02-02 16:34:50.310,2026-02-02 16:34:49.890,2026-02-02 16:34:50.860,109.091,1.1,0.7,0.4,0.55,0.28,0.82,63.636,36.364
2026-02-02 16:34:50.860,2026-02-02 16:34:51.520,2026-02-02 16:34:51.380,2026-02-02 16:34:50.960,2026-02-02 16:34:51.930,109.091,1.07,0.66,0.41,0.55,0.24,0.83,61.682,38.318
2026-02-02 16:34:51.930,2026-02-02 16:34:52.590,2026-02-02 16:34:52.450,2026-02-02 16:34:52.040,2026-02-02 16:34:53.010,107.143,1.08,0.66,0.42,0.56,0.25,0.83,61.111,38.889
2026-02-02 16:34:53.010,2026-02-02 16:34:53.700,2026-02-02 16:34:53.550,2026-02-02 16:34:53.140,2026-02-02 16:34:54.110,107.143,1.1,0.69,0.41,0.56,0.28,0.82,62.727,37.273
2026-02-02 16:34:54.110,2026-02-02 16:34:54.760,2026-02-02 16:34:54.620,2026-02-02 16:34:54.210,2026-02-02 16:34:55.170,109.091,1.06,0.65,0.41,0.55,0.24,0.82,61.321,38.679
2026-02-02 16:34:55.170,2026-02-02 16:34:55.830,2026-02-02 16:34:55.700,2026-02-02 16:34:55.280,2026-02-02 16:34:56.230,113.208,1.06,0.66,0.4,0.53,0.24,0.82,62.264,37.736
2026-02-02 16:34:56.230,2026-02-02 16:34:56.840,2026-02-02 16:34:56.710,2026-02-02 16:34:56.320,2026-02-02 16:34:57.230,115.385,1.0,0.61,0.39,0.52,0.22,0.78,61.0,39.0
2026-02-02 16:34:57.230,2026-02-02 16:34:57.840,2026-02-02 16:34:57.720,2026-02-02 16:34:57.330,2026-02-02 16:34:58.230,117.647,1.0,0.61,0.39,0.51,0.22,0.78,61.0,39.0
2026-02-02 16:34:58.230,2026-02-02 16:34:58.840,2026-02-02 16:34:58.710,2026-02-02 16:34:58.320,2026-02-02 16:34:59.220,117.647,0.99,0.61,0.38,0.51,0.22,0.77,61.616,38.384
2026-02-02 16:34:59.220,2026-02-02 16:34:59.850,2026-02-02 16:34:59.730,2026-02-02 16:34:59.330,2026-02-02 16:35:00.240,117.647,1.02,0.63,0.39,0.51,0.23,0.79,61.765,38.235
2026-02-02 16:35:00.240,2026-02-02 16:35:00.860,2026-02-02 16:35:00.730,2026-02-02 16:35:00.330,2026-02-02 16:35:01.230,120.0,0.99,0.62,0.37,0.5,0.22,0.77,62.626,37.374
2026-02-02 16:35:01.230,2026-02-02 16:35:01.830,2026-02-02 16:35:01.720,2026-02-02 16:35:01.320,2026-02-02 16:35:02.230,117.647,1.0,0.6,0.4,0.51,0.2,0.8,60.0,40.0
2026-02-02 16:35:02.230,2026-02-02 16:35:02.830,2026-02-02 16:35:02.710,2026-02-02 16:35:02.320,2026-02-02 16:35:03.230,115.385,1.0,0.6,0.4,0.52,0.21,0.79,60.0,40.0
2026-02-02 16:35:03.230,2026-02-02 16:35:03.830,2026-02-02 16:35:03.710,2026-02-02 16:35:03.330,2026-02-02 16:35:04.240,113.208,1.01,0.6,0.41,0.53,0.22,0.79,59.406,40.594
2026-02-02 16:35:04.240,2026-02-02 16:35:04.840,2026-02-02 16:35:04.720,2026-02-02 16:35:04.330,2026-02-02 16:35:05.230,117.647,0.99,0.6,0.39,0.51,0.21,0.78,60.606,39.394
2026-02-02 16:35:05.230,2026-02-02 16:35:05.850,2026-02-02 16:35:05.730,2026-02-02 16:35:05.330,2026-02-02 16:35:06.230,120.0,1.0,0.62,0.38,0.5,0.22,0.78,62.0,38.0
2026-02-02 16:35:06.230,2026-02-02 16:35:06.840,2026-02-02 16:35:06.720,2026-02-02 16:35:06.330,2026-02-02 16:35:07.230,117.647,1.0,0.61,0.39,0.51,0.22,0.78,61.0,39.0
2026-02-02 16:35:07.230,2026-02-02 16:35:07.840,2026-02-02 16:35:07.720,2026-02-02 16:35:07.330,2026-02-02 16:35:08.230,117.647,1.0,0.61,0.39,0.51,0.22,0.78,61.0,39.0
2026-02-02 16:35:08.230,2026-02-02 16:35:08.840,2026-02-02 16:35:08.720,2026-02-02 16:35:08.330,2026-02-02 16:35:09.230,117.647,1.0,0.61,0.39,0.51,0.22,0.78,61.0,39.0
2026-02-02 16:35:09.230,2026-02-02 16:35:09.840,2026-02-02 16:35:09.720,2026-02-02 16:35:09.320,2026-02-02 16:35:10.230,117.647,1.0,0.61,0.39,0.51,0.21,0.79,61.0,39.0
2026-02-02 16:35:10.230,2026-02-02 16:35:10.830,2026-02-02 16:35:10.710,2026-02-02 16:35:10.330,2026-02-02 16:35:11.240,113.208,1.01,0.6,0.41,0.53,0.22,0.79,59.406,40.594
2026-02-02 16:35:11.240,2026-02-02 16:35:11.850,2026-02-02 16:35:11.730,2026-02-02 16:35:11.340,2026-02-02 16:35:12.250,115.385,1.01,0.61,0.4,0.52,0.22,0.79,60.396,39.604
2026-02-02 16:35:12.250,2026-02-02 16:35:12.860,2026-02-02 16:35:12.740,2026-02-02 16:35:12.350,2026-02-02 16:35:13.250,117.647,1.0,0.61,0.39,0.51,0.22,0.78,61.0,39.0
2026-02-02 16:35:13.250,2026-02-02 16:35:13.860,2026-02-02 16:35:13.740,2026-02-02 16:35:13.340,2026-02-02 16:35:14.260,115.385,1.01,0.61,0.4,0.52,0.21,0.8,60.396,39.604
2026-02-02 16:35:14.260,2026-02-02 16:35:14.850,2026-02-02 16:35:14.730,2026-02-02 16:35:14.350,2026-02-02 16:35:15.240,117.647,0.98,0.59,0.39,0.51,0.21,0.77,60.204,39.796
2026-02-02 16:35:15.240,2026-02-02 16:35:15.860,2026-02-02 16:35:15.730,2026-02-02 16:35:15.340,2026-02-02 16:35:16.270,111.111,1.03,0.62,0.41,0.54,0.23,0.8,60.194,39.806
2026-02-02 16:35:16.270,2026-02-02 16:35:16.870,2026-02-02 16:35:16.750,2026-02-02 16:35:16.370,2026-02-02 16:35:17.270,115.385,1.0,0.6,0.4,0.52,0.22,0.78,60.0,40.0
2026-02-02 16:35:17.270,2026-02-02 16:35:17.890,2026-02-02 16:35:17.760,2026-02-02 16:35:17.370,2026-02-02 16:35:18.290,113.208,1.02,0.62,0.4,0.53,0.23,0.79,60.784,39.216
2026-02-02 16:35:18.290,2026-02-02 16:35:18.920,2026-02-02 16:35:18.790,2026-02-02 16:35:18.390,2026-02-02 16:35:19.310,115.385,1.02,0.63,0.39,0.52,0.23,0.79,61.765,38.235
2026-02-02 16:35:19.310,2026-02-02 16:35:19.930,2026-02-02 16:35:19.810,2026-02-02 16:35:19.400,2026-02-02 16:35:20.330,115.385,1.02,0.62,0.4,0.52,0.21,0.81,60.784,39.216
2026-02-02 16:35:20.330,2026-02-02 16:35:20.930,2026-02-02 16:35:20.810,2026-02-02 16:35:20.430,2026-02-02 16:35:21.330,115.385,1.0,0.6,0.4,0.52,0.22,0.78,60.0,40.0
2026-02-02 16:35:21.330,2026-02-02 16:35:21.930,2026-02-02 16:35:21.810,2026-02-02 16:35:21.430,2026-02-02 16:35:22.330,115.385,1.0,0.6,0.4,0.52,0.22,0.78,60.0,40.0
2026-02-02 16:35:22.330,2026-02-02 16:35:22.950,2026-02-02 16:35:22.830,2026-02-02 16:35:22.430,2026-02-02 16:35:23.360,113.208,1.03,0.62,0.41,0.53,0.22,0.81,60.194,39.806
2026-02-02 16:35:23.360,2026-02-02 16:35:23.960,2026-02-02 16:35:23.840,2026-02-02 16:35:23.460,2026-02-02 16:35:24.370,113.208,1.01,0.6,0.41,0.53,0.22,0.79,59.406,40.594
2026-02-02 16:35:24.370,2026-02-02 16:35:24.970,2026-02-02 16:35:24.850,2026-02-02 16:35:24.460,2026-02-02 16:35:25.380,113.208,1.01,0.6,0.41,0.53,0.21,0.8,59.406,40.594
2026-02-02 16:35:25.380,2026-02-02 16:35:26.000,2026-02-02 16:35:25.870,2026-02-02 16:35:25.480,2026-02-02 16:35:26.390,115.385,1.01,0.62,0.39,0.52,0.23,0.78,61.386,38.614
2026-02-02 16:35:26.390,2026-02-02 16:35:27.000,2026-02-02 16:35:26.880,2026-02-02 16:35:26.490,2026-02-02 16:35:27.420,111.111,1.03,0.61,0.42,0.54,0.22,0.81,59.223,40.777
2026-02-02 16:35:27.420,2026-02-02 16:35:28.040,2026-02-02 16:35:27.910,2026-02-02 16:35:27.510,2026-02-02 16:35:28.420,117.647,1.0,0.62,0.38,0.51,0.22,0.78,62.0,38.0
2026-02-02 16:35:28.420,2026-02-02 16:35:29.050,2026-02-02 16:35:28.920,2026-02-02 16:35:28.530,2026-02-02 16:35:29.430,117.647,1.01,0.63,0.38,0.51,0.24,0.77,62.376,37.624
2026-02-02 16:35:29.430,2026-02-02 16:35:30.060,2026-02-02 16:35:29.950,2026-02-02 16:35:29.560,2026-02-02 16:35:30.460,117.647,1.03,0.63,0.4,0.51,0.24,0.79,61.165,38.835
2026-02-02 16:35:30.460,2026-02-02 16:35:31.070,2026-02-02 16:35:30.940,2026-02-02 16:35:30.550,2026-02-02 16:35:31.470,113.208,1.01,0.61,0.4,0.53,0.22,0.79,60.396,39.604
2026-02-02 16:35:31.470,2026-02-02 16:35:32.090,2026-02-02 16:35:31.970,2026-02-02 16:35:31.570,2026-02-02 16:35:32.490,115.385,1.02,0.62,0.4,0.52,0.22,0.8,60.784,39.216
2026-02-02 16:35:32.490,2026-02-02 16:35:33.100,2026-02-02 16:35:32.970,2026-02-02 16:35:32.580,2026-02-02 16:35:33.480,117.647,0.99,0.61,0.38,0.51,0.22,0.77,61.616,38.384
2026-02-02 16:35:33.480,2026-02-02 16:35:34.130,2026-02-02 16:35:33.990,2026-02-02 16:35:33.590,2026-02-02 16:35:34.530,111.111,1.05,0.65,0.4,0.54,0.25,0.8,61.905,38.095
2026-02-02 16:35:34.530,2026-02-02 16:35:35.140,2026-02-02 16:35:35.010,2026-02-02 16:35:34.620,2026-02-02 16:35:35.530,115.385,1.0,0.61,0.39,0.52,0.22,0.78,61.0,39.0
2026-02-02 16:35:35.530,2026-02-02 16:35:36.140,2026-02-02 16:35:36.020,2026-02-02 16:35:35.630,2026-02-02 16:35:36.540,115.385,1.01,0.61,0.4,0.52,0.22,0.79,60.396,39.604
2026-02-02 16:35:36.540,2026-02-02 16:35:37.150,2026-02-02 16:35:37.040,2026-02-02 16:35:36.650,2026-02-02 16:35:37.540,120.0,1.0,0.61,0.39,0.5,0.22,0.78,61.0,39.0
2026-02-02 16:35:37.540,2026-02-02 16:35:38.160,2026-02-02 16:35:38.030,2026-02-02 16:35:37.640,2026-02-02 16:35:38.550,115.385,1.01,0.62,0.39,0.52,0.23,0.78,61.386,38.614
2026-02-02 16:35:38.550,2026-02-02 16:35:39.160,2026-02-02 16:35:39.040,2026-02-02 16:35:38.650,2026-02-02 16:35:39.560,115.385,1.01,0.61,0.4,0.52,0.22,0.79,60.396,39.604
2026-02-02 16:35:39.560,2026-02-02 16:35:40.170,2026-02-02 16:35:40.040,2026-02-02 16:35:39.660,2026-02-02 16:35:40.570,113.208,1.01,0.61,0.4,0.53,0.23,0.78,60.396,39.604
2026-02-02 16:35:40.570,2026-02-02 16:35:41.170,2026-02-02 16:35:41.050,2026-02-02 16:35:40.670,2026-02-02 16:35:41.570,115.385,1.0,0.6,0.4,0.52,0.22,0.78,60.0,40.0
2026-02-02 16:35:41.570,2026-02-02 16:35:42.190,2026-02-02 16:35:42.060,2026-02-02 16:35:41.680,2026-02-02 16:35:42.600,111.111,1.03,0.62,0.41,0.54,0.24,0.79,60.194,39.806
2026-02-02 16:35:42.600,2026-02-02 16:35:43.200,2026-02-02 16:35:43.080,2026-02-02 16:35:42.690,2026-02-02 16:35:43.600,115.385,1.0,0.6,0.4,0.52,0.21,0.79,60.0,40.0
2026-02-02 16:35:43.600,2026-02-02 16:35:44.200,2026-02-02 16:35:44.080,2026-02-02 16:35:43.690,2026-02-02 16:35:44.600,115.385,1.0,0.6,0.4,0.52,0.21,0.79,60.0,40.0
2026-02-02 16:35:44.600,2026-02-02 16:35:45.210,2026-02-02 16:35:45.090,2026-02-02 16:35:44.700,2026-02-02 16:35:45.600,117.647,1.0,0.61,0.39,0.51,0.22,0.78,61.0,39.0
2026-02-02 16:35:45.600,2026-02-02 16:35:46.220,2026-02-02 16:35:46.110,2026-02-02 16:35:45.700,2026-02-02 16:35:46.610,120.0,1.01,0.62,0.39,0.5,0.21,0.8,61.386,38.614
2026-02-02 16:35:46.610,2026-02-02 16:35:47.220,2026-02-02 16:35:47.090,2026-02-02 16:35:46.700,2026-02-02 16:35:47.610,115.385,1.0,0.61,0.39,0.52,0.22,0.78,61.0,39.0
2026-02-02 16:35:47.610,2026-02-02 16:35:48.210,2026-02-02 16:35:48.100,2026-02-02 16:35:47.690,2026-02-02 16:35:48.600,120.0,0.99,0.6,0.39,0.5,0.19,0.8,60.606,39.394
2026-02-02 16:35:48.600,2026-02-02 16:35:49.220,2026-02-02 16:35:49.090,2026-02-02 16:35:48.690,2026-02-02 16:35:49.610,115.385,1.01,0.62,0.39,0.52,0.22,0.79,61.386,38.614
2026-02-02 16:35:49.610,2026-02-02 16:35:50.220,2026-02-02 16:35:50.110,2026-02-02 16:35:49.710,2026-02-02 16:35:50.590,125.0,0.98,0.61,0.37,0.48,0.21,0.77,62.245,37.755
2026-02-02 16:35:50.590,2026-02-02 16:35:51.210,2026-02-02 16:35:51.080,2026-02-02 16:35:50.690,2026-02-02 16:35:51.590,117.647,1.0,0.62,0.38,0.51,0.23,0.77,62.0,38.0
2026-02-02 16:35:51.590,2026-02-02 16:35:52.200,2026-02-02 16:35:52.100,2026-02-02 16:35:51.680,2026-02-02 16:35:52.570,127.66,0.98,0.61,0.37,0.47,0.19,0.79,62.245,37.755
2026-02-02 16:35:52.570,2026-02-02 16:35:53.160,2026-02-02 16:35:53.060,2026-02-02 16:35:52.650,2026-02-02 16:35:53.570,117.647,1.0,0.59,0.41,0.51,0.18,0.82,59.0,41.0
