R_HS_S,L_FF,L_HS,R_FF,R_HS_E,Cadence_steps_per_min,Stride_Time_s,Stance_Time_s,Swing_Time_s,Step_Time_s,Total_Double_Support_s,Single_Support_s,Stance_Percent,Swing_Percent
2026-02-02 16:30:00.030,2026-02-02 16:30:00.710,2026-02-02 16:30:01.370,2026-02-02 16:30:01.890,2026-02-02 16:30:02.680,44.776,2.65,1.86,0.79,1.34,1.2,1.45,70.189,29.811
2026-02-02 16:30:02.680,2026-02-02 16:30:03.260,2026-02-02 16:30:04.080,2026-02-02 16:30:04.660,2026-02-02 16:30:05.340,43.326,2.66,1.98,0.68,1.385,1.175,1.485,74.436,25.564
2026-02-02 16:30:05.350,2026-02-02 16:30:05.900,2026-02-02 16:30:06.520,2026-02-02 16:30:07.020,2026-02-02 16:30:07.660,51.732,2.31,1.67,0.64,1.16,1.05,1.26,72.294,27.706
2026-02-02 16:30:07.660,2026-02-02 16:30:08.180,2026-02-02 16:30:08.830,2026-02-02 16:30:09.380,2026-02-02 16:30:09.970,51.879,2.3,1.71,0.59,1.157,1.073,1.227,74.348,25.652
2026-02-02 16:30:09.980,2026-02-02 16:30:10.340,2026-02-02 16:30:11.040,2026-02-02 16:30:11.610,2026-02-02 16:30:12.260,55.329,2.28,1.615,0.665,1.085,0.88,1.4,70.833,29.167
2026-02-02 16:30:12.270,2026-02-02 16:30:12.640,2026-02-02 16:30:13.440,2026-02-02 16:30:14.030,2026-02-02 16:30:14.640,51.877,2.37,1.76,0.61,1.157,0.983,1.387,74.262,25.738
2026-02-02 16:30:14.650,2026-02-02 16:30:15.210,2026-02-02 16:30:15.880,2026-02-02 16:30:16.300,2026-02-02 16:30:17.000,48.78,2.35,1.65,0.7,1.23,0.98,1.37,70.213,29.787
2026-02-02 16:30:17.010,2026-02-02 16:30:17.600,2026-02-02 16:30:18.270,2026-02-02 16:30:18.770,2026-02-02 16:30:19.410,48.262,2.397,1.757,0.64,1.243,1.097,1.3,73.296,26.704
2026-02-02 16:30:19.410,2026-02-02 16:30:19.890,2026-02-02 16:30:20.480,2026-02-02 16:30:20.880,2026-02-02 16:30:21.720,55.732,2.297,1.457,0.84,1.077,0.847,1.45,63.425,36.575
2026-02-02 16:30:21.720,2026-02-02 16:30:22.220,2026-02-02 16:30:22.760,2026-02-02 16:30:23.130,2026-02-02 16:30:24.050,57.692,2.33,1.41,0.92,1.04,0.87,1.46,60.515,39.485
2026-02-02 16:30:24.060,2026-02-02 16:30:24.620,2026-02-02 16:30:25.230,2026-02-02 16:30:25.680,2026-02-02 16:30:26.430,52.029,2.367,1.603,0.763,1.153,0.993,1.373,67.746,32.254
2026-02-02 16:30:26.440,2026-02-02 16:30:26.970,2026-02-02 16:30:27.650,2026-02-02 16:30:28.300,2026-02-02 16:30:28.980,49.725,2.537,1.86,0.677,1.207,1.187,1.35,73.325,26.675
2026-02-02 16:30:28.990,2026-02-02 16:30:29.490,2026-02-02 16:30:30.230,2026-02-02 16:30:30.890,2026-02-02 16:30:31.550,48.387,2.56,1.9,0.66,1.24,1.16,1.4,74.219,25.781
2026-02-02 16:30:29.020,2026-02-02 16:30:29.490,2026-02-02 16:30:30.270,2026-02-02 16:30:30.900,2026-02-02 16:30:31.550,48.0,2.53,1.88,0.65,1.25,1.1,1.43,74.308,25.692
2026-02-02 16:30:31.560,2026-02-02 16:30:32.060,2026-02-02 16:30:32.730,2026-02-02 16:30:33.280,2026-02-02 16:30:33.870,51.282,2.317,1.707,0.61,1.17,1.037,1.28,73.67,26.33
2026-02-02 16:30:33.890,2026-02-02 16:30:34.270,2026-02-02 16:30:35.100,2026-02-02 16:30:35.740,2026-02-02 16:30:36.340,48.987,2.45,1.85,0.6,1.225,0.995,1.455,75.51,24.49
2026-02-02 16:30:36.350,2026-02-02 16:30:36.910,2026-02-02 16:30:37.540,2026-02-02 16:30:37.980,2026-02-02 16:30:38.700,50.42,2.35,1.63,0.72,1.19,1.0,1.35,69.362,30.638
2026-02-02 16:30:38.700,2026-02-02 16:30:39.160,2026-02-02 16:30:39.800,2026-02-02 16:30:40.270,2026-02-02 16:30:40.930,55.219,2.227,1.553,0.673,1.087,0.933,1.293,69.76,30.24
2026-02-02 16:30:40.940,2026-02-02 16:30:41.480,2026-02-02 16:30:42.200,2026-02-02 16:30:42.800,2026-02-02 16:30:43.340,47.247,2.4,1.845,0.555,1.27,1.105,1.295,76.875,23.125
2026-02-02 16:30:43.350,2026-02-02 16:30:43.790,2026-02-02 16:30:44.460,2026-02-02 16:30:44.800,2026-02-02 16:30:45.500,54.057,2.143,1.45,0.693,1.11,0.793,1.35,67.652,32.348
2026-02-02 16:30:45.510,2026-02-02 16:30:45.910,2026-02-02 16:30:46.550,2026-02-02 16:30:46.940,2026-02-02 16:30:47.660,57.692,2.15,1.45,0.7,1.04,0.83,1.32,67.442,32.558
2026-02-02 16:30:47.670,2026-02-02 16:30:48.160,2026-02-02 16:30:48.750,2026-02-02 16:30:49.160,2026-02-02 16:30:49.850,55.729,2.19,1.483,0.707,1.077,0.903,1.287,67.734,32.266
2026-02-02 16:30:49.870,2026-02-02 16:30:50.340,2026-02-02 16:30:51.060,2026-02-02 16:30:51.510,2026-02-02 16:30:52.140,50.42,2.27,1.64,0.63,1.19,0.91,1.36,72.247,27.753
2026-02-02 16:30:52.140,2026-02-02 16:30:52.620,2026-02-02 16:30:53.360,2026-02-02 16:30:53.820,2026-02-02 16:30:54.460,50.007,2.32,1.68,0.64,1.2,0.96,1.36,72.414,27.586
2026-02-02 16:30:54.470,2026-02-02 16:30:54.900,2026-02-02 16:30:55.690,2026-02-02 16:30:56.320,2026-02-02 16:30:56.890,48.393,2.42,1.85,0.57,1.24,1.03,1.39,76.446,23.554
2026-02-02 16:30:56.890,2026-02-02 16:30:57.370,2026-02-02 16:30:58.050,2026-02-02 16:30:58.580,2026-02-02 16:30:59.100,52.178,2.21,1.69,0.52,1.15,1.03,1.18,76.471,23.529
2026-02-02 16:30:59.110,2026-02-02 16:30:59.390,2026-02-02 16:30:59.940,2026-02-02 16:31:00.200,2026-02-02 16:31:00.780,72.289,1.67,1.095,0.575,0.83,0.535,1.135,65.569,34.431
2026-02-02 16:31:00.790,2026-02-02 16:31:01.050,2026-02-02 16:31:01.600,2026-02-02 16:31:01.850,2026-02-02 16:31:02.460,74.074,1.67,1.067,0.603,0.81,0.523,1.147,63.872,36.128
2026-02-02 16:31:02.460,2026-02-02 16:31:02.850,2026-02-02 16:31:03.330,2026-02-02 16:31:03.580,2026-02-02 16:31:04.250,69.774,1.787,1.103,0.683,0.86,0.62,1.167,61.753,38.247
2026-02-02 16:31:04.260,2026-02-02 16:31:04.630,2026-02-02 16:31:05.080,2026-02-02 16:31:05.320,2026-02-02 16:31:05.960,73.171,1.693,1.06,0.633,0.82,0.605,1.087,62.63,37.37
2026-02-02 16:31:05.970,2026-02-02 16:31:06.260,2026-02-02 16:31:06.780,2026-02-02 16:31:07.020,2026-02-02 16:31:07.600,74.082,1.623,1.043,0.58,0.81,0.523,1.1,64.271,35.729
2026-02-02 16:31:07.600,2026-02-02 16:31:07.920,2026-02-02 16:31:08.420,2026-02-02 16:31:08.670,2026-02-02 16:31:09.230,74.39,1.623,1.057,0.567,0.807,0.55,1.073,65.091,34.909
2026-02-02 16:31:09.240,2026-02-02 16:31:09.550,2026-02-02 16:31:10.050,2026-02-02 16:31:10.290,2026-02-02 16:31:10.900,74.786,1.658,1.045,0.613,0.802,0.532,1.125,63.048,36.952
2026-02-02 16:31:10.910,2026-02-02 16:31:11.180,2026-02-02 16:31:11.730,2026-02-02 16:31:11.990,2026-02-02 16:31:12.530,73.472,1.623,1.08,0.543,0.817,0.527,1.097,66.53,33.47
2026-02-02 16:31:12.550,2026-02-02 16:31:12.830,2026-02-02 16:31:13.380,2026-02-02 16:31:13.680,2026-02-02 16:31:14.230,72.289,1.68,1.13,0.55,0.83,0.573,1.107,67.262,32.738
2026-02-02 16:31:14.240,2026-02-02 16:31:14.510,2026-02-02 16:31:15.020,2026-02-02 16:31:15.260,2026-02-02 16:31:15.840,76.923,1.6,1.02,0.58,0.78,0.512,1.087,63.75,36.25
2026-02-02 16:31:15.850,2026-02-02 16:31:16.110,2026-02-02 16:31:16.660,2026-02-02 16:31:16.950,2026-02-02 16:31:17.530,72.912,1.68,1.1,0.58,0.823,0.537,1.143,65.476,34.524
2026-02-02 16:31:17.540,2026-02-02 16:31:17.790,2026-02-02 16:31:18.350,2026-02-02 16:31:18.660,2026-02-02 16:31:19.250,74.074,1.71,1.12,0.59,0.81,0.567,1.143,65.497,34.503
2026-02-02 16:31:19.260,2026-02-02 16:31:19.540,2026-02-02 16:31:20.140,2026-02-02 16:31:20.430,2026-02-02 16:31:20.940,68.774,1.675,1.165,0.51,0.873,0.567,1.108,69.552,30.448
2026-02-02 16:31:20.940,2026-02-02 16:31:21.200,2026-02-02 16:31:21.770,2026-02-02 16:31:22.030,2026-02-02 16:31:22.580,72.289,1.64,1.09,0.55,0.83,0.52,1.12,66.463,33.537
2026-02-02 16:31:22.590,2026-02-02 16:31:22.870,2026-02-02 16:31:23.410,2026-02-02 16:31:23.660,2026-02-02 16:31:24.250,72.009,1.66,1.07,0.59,0.833,0.52,1.14,64.458,35.542
2026-02-02 16:31:24.260,2026-02-02 16:31:24.500,2026-02-02 16:31:25.100,2026-02-02 16:31:25.400,2026-02-02 16:31:25.930,71.013,1.67,1.133,0.537,0.845,0.533,1.137,67.814,32.186
2026-02-02 16:31:25.940,2026-02-02 16:31:26.240,2026-02-02 16:31:26.800,2026-02-02 16:31:27.110,2026-02-02 16:31:27.650,68.2,1.717,1.177,0.54,0.88,0.593,1.123,68.543,31.457
2026-02-02 16:31:27.670,2026-02-02 16:31:27.900,2026-02-02 16:31:28.480,2026-02-02 16:31:28.730,2026-02-02 16:31:29.270,74.074,1.6,1.067,0.533,0.81,0.487,1.113,66.667,33.333
2026-02-02 16:31:29.280,2026-02-02 16:31:29.550,2026-02-02 16:31:30.160,2026-02-02 16:31:30.450,2026-02-02 16:31:31.020,68.182,1.74,1.17,0.57,0.88,0.547,1.193,67.241,32.759
2026-02-02 16:31:31.030,2026-02-02 16:31:31.300,2026-02-02 16:31:31.880,2026-02-02 16:31:32.130,2026-02-02 16:31:32.640,70.588,1.61,1.1,0.51,0.85,0.52,1.09,68.323,31.677
2026-02-02 16:31:32.650,2026-02-02 16:31:32.900,2026-02-02 16:31:33.480,2026-02-02 16:31:33.750,2026-02-02 16:31:34.260,72.289,1.61,1.1,0.51,0.83,0.52,1.09,68.323,31.677
2026-02-02 16:31:34.270,2026-02-02 16:31:34.530,2026-02-02 16:31:35.150,2026-02-02 16:31:35.380,2026-02-02 16:31:35.910,69.171,1.643,1.11,0.532,0.868,0.498,1.145,67.58,32.42
2026-02-02 16:31:35.920,2026-02-02 16:31:36.170,2026-02-02 16:31:36.740,2026-02-02 16:31:36.990,2026-02-02 16:31:37.510,73.171,1.59,1.07,0.52,0.82,0.493,1.097,67.296,32.704
2026-02-02 16:31:37.520,2026-02-02 16:31:37.780,2026-02-02 16:31:38.370,2026-02-02 16:31:38.720,2026-02-02 16:31:39.280,70.047,1.76,1.193,0.567,0.857,0.603,1.157,67.803,32.197
2026-02-02 16:31:39.290,2026-02-02 16:31:39.530,2026-02-02 16:31:40.080,2026-02-02 16:31:40.330,2026-02-02 16:31:40.850,76.443,1.56,1.04,0.52,0.785,0.505,1.055,66.667,33.333
2026-02-02 16:31:40.860,2026-02-02 16:31:41.150,2026-02-02 16:31:41.650,2026-02-02 16:31:41.890,2026-02-02 16:31:42.430,75.633,1.563,1.037,0.527,0.793,0.533,1.03,66.313,33.687
2026-02-02 16:31:42.430,2026-02-02 16:31:42.680,2026-02-02 16:31:43.240,2026-02-02 16:31:43.530,2026-02-02 16:31:44.060,75.008,1.623,1.093,0.53,0.8,0.543,1.08,67.351,32.649
2026-02-02 16:31:44.070,2026-02-02 16:31:44.290,2026-02-02 16:31:44.820,2026-02-02 16:31:45.090,2026-02-02 16:31:45.560,80.0,1.483,1.012,0.47,0.75,0.473,1.01,68.297,31.703
2026-02-02 16:31:45.560,2026-02-02 16:31:45.760,2026-02-02 16:31:46.380,2026-02-02 16:31:46.750,2026-02-02 16:31:47.250,73.773,1.683,1.18,0.503,0.813,0.567,1.117,70.098,29.902
2026-02-02 16:31:47.260,2026-02-02 16:31:47.480,2026-02-02 16:31:48.010,2026-02-02 16:31:48.280,2026-02-02 16:31:48.770,80.0,1.517,1.012,0.505,0.75,0.475,1.042,66.723,33.277
2026-02-02 16:31:48.780,2026-02-02 16:31:49.010,2026-02-02 16:31:49.620,2026-02-02 16:31:49.920,2026-02-02 16:31:50.450,72.59,1.663,1.14,0.523,0.827,0.543,1.12,68.538,31.462
2026-02-02 16:31:50.460,2026-02-02 16:31:50.680,2026-02-02 16:31:51.270,2026-02-02 16:31:51.540,2026-02-02 16:31:52.060,74.074,1.6,1.08,0.52,0.81,0.49,1.11,67.5,32.5
2026-02-02 16:31:52.070,2026-02-02 16:31:52.300,2026-02-02 16:31:52.900,2026-02-02 16:31:53.170,2026-02-02 16:31:53.720,72.289,1.65,1.1,0.55,0.83,0.507,1.143,66.667,33.333
2026-02-02 16:31:53.730,2026-02-02 16:31:53.960,2026-02-02 16:31:54.470,2026-02-02 16:31:54.730,2026-02-02 16:31:55.280,81.081,1.55,1.003,0.547,0.74,0.493,1.057,64.731,35.269
2026-02-02 16:31:55.290,2026-02-02 16:31:55.550,2026-02-02 16:31:56.110,2026-02-02 16:31:56.410,2026-02-02 16:31:56.950,73.176,1.65,1.113,0.537,0.82,0.558,1.092,67.425,32.575
2026-02-02 16:31:56.960,2026-02-02 16:31:57.200,2026-02-02 16:31:57.750,2026-02-02 16:31:58.040,2026-02-02 16:31:58.590,75.324,1.63,1.083,0.547,0.797,0.533,1.097,66.463,33.537
2026-02-02 16:31:58.590,2026-02-02 16:31:58.770,2026-02-02 16:31:59.300,2026-02-02 16:31:59.490,2026-02-02 16:31:59.950,85.412,1.353,0.9,0.453,0.703,0.37,0.983,66.544,33.456
2026-02-02 16:31:59.960,2026-02-02 16:32:00.130,2026-02-02 16:32:00.610,2026-02-02 16:32:00.800,2026-02-02 16:32:01.280,92.308,1.32,0.847,0.473,0.65,0.367,0.953,64.141,35.859
2026-02-02 16:32:01.290,2026-02-02 16:32:01.470,2026-02-02 16:32:01.950,2026-02-02 16:32:02.120,2026-02-02 16:32:02.600,90.909,1.307,0.833,0.475,0.66,0.353,0.955,63.671,36.329
2026-02-02 16:32:02.610,2026-02-02 16:32:02.800,2026-02-02 16:32:03.330,2026-02-02 16:32:03.560,2026-02-02 16:32:04.040,83.333,1.43,0.953,0.477,0.72,0.423,1.007,66.667,33.333
2026-02-02 16:32:04.040,2026-02-02 16:32:04.200,2026-02-02 16:32:04.690,2026-02-02 16:32:04.880,2026-02-02 16:32:05.390,92.308,1.343,0.825,0.518,0.65,0.335,1.008,61.451,38.549
2026-02-02 16:32:05.400,2026-02-02 16:32:05.610,2026-02-02 16:32:06.080,2026-02-02 16:32:06.270,2026-02-02 16:32:06.770,88.894,1.365,0.875,0.49,0.675,0.415,0.95,64.105,35.895
2026-02-02 16:32:06.770,2026-02-02 16:32:06.960,2026-02-02 16:32:07.450,2026-02-02 16:32:07.640,2026-02-02 16:32:08.170,88.235,1.4,0.87,0.53,0.68,0.38,1.02,62.143,37.857
2026-02-02 16:32:08.180,2026-02-02 16:32:08.370,2026-02-02 16:32:08.830,2026-02-02 16:32:09.000,2026-02-02 16:32:09.490,92.308,1.31,0.82,0.49,0.65,0.36,0.95,62.595,37.405
2026-02-02 16:32:09.500,2026-02-02 16:32:09.680,2026-02-02 16:32:10.180,2026-02-02 16:32:10.370,2026-02-02 16:32:10.850,88.904,1.345,0.87,0.475,0.675,0.372,0.972,64.685,35.315
2026-02-02 16:32:10.860,2026-02-02 16:32:11.020,2026-02-02 16:32:11.510,2026-02-02 16:32:11.690,2026-02-02 16:32:12.170,91.841,1.31,0.83,0.48,0.653,0.35,0.96,63.359,36.641
2026-02-02 16:32:12.180,2026-02-02 16:32:12.360,2026-02-02 16:32:12.840,2026-02-02 16:32:13.010,2026-02-02 16:32:13.490,90.909,1.31,0.837,0.473,0.66,0.357,0.953,63.931,36.069
2026-02-02 16:32:13.500,2026-02-02 16:32:13.670,2026-02-02 16:32:14.180,2026-02-02 16:32:14.390,2026-02-02 16:32:14.880,88.235,1.38,0.883,0.498,0.68,0.373,1.007,63.949,36.051
2026-02-02 16:32:14.890,2026-02-02 16:32:15.050,2026-02-02 16:32:15.510,2026-02-02 16:32:15.690,2026-02-02 16:32:16.170,96.774,1.28,0.8,0.48,0.62,0.34,0.94,62.5,37.5
2026-02-02 16:32:16.180,2026-02-02 16:32:16.370,2026-02-02 16:32:16.870,2026-02-02 16:32:17.090,2026-02-02 16:32:17.570,86.646,1.39,0.91,0.48,0.692,0.405,0.985,65.468,34.532
2026-02-02 16:32:17.580,2026-02-02 16:32:17.740,2026-02-02 16:32:18.240,2026-02-02 16:32:18.440,2026-02-02 16:32:18.890,91.259,1.313,0.86,0.453,0.658,0.365,0.948,65.525,34.475
2026-02-02 16:32:18.900,2026-02-02 16:32:19.060,2026-02-02 16:32:19.600,2026-02-02 16:32:19.810,2026-02-02 16:32:20.250,86.555,1.347,0.907,0.44,0.693,0.373,0.973,67.326,32.674
2026-02-02 16:32:20.260,2026-02-02 16:32:20.460,2026-02-02 16:32:21.000,2026-02-02 16:32:21.230,2026-02-02 16:32:21.700,81.636,1.443,0.973,0.47,0.735,0.418,1.025,67.417,32.583
2026-02-02 16:32:21.710,2026-02-02 16:32:21.900,2026-02-02 16:32:22.380,2026-02-02 16:32:22.550,2026-02-02 16:32:23.030,89.552,1.32,0.84,0.48,0.67,0.36,0.96,63.636,36.364
2026-02-02 16:32:23.040,2026-02-02 16:32:23.230,2026-02-02 16:32:23.690,2026-02-02 16:32:23.880,2026-02-02 16:32:24.360,92.308,1.32,0.84,0.48,0.65,0.38,0.94,63.636,36.364
2026-02-02 16:32:24.370,2026-02-02 16:32:24.570,2026-02-02 16:32:25.030,2026-02-02 16:32:25.210,2026-02-02 16:32:25.670,90.909,1.303,0.84,0.463,0.66,0.38,0.923,64.492,35.508
2026-02-02 16:32:25.680,2026-02-02 16:32:25.890,2026-02-02 16:32:26.370,2026-02-02 16:32:26.540,2026-02-02 16:32:27.020,87.809,1.337,0.86,0.477,0.683,0.38,0.957,64.34,35.66
2026-02-02 16:32:27.030,2026-02-02 16:32:27.220,2026-02-02 16:32:27.700,2026-02-02 16:32:27.880,2026-02-02 16:32:28.350,89.552,1.327,0.858,0.47,0.67,0.378,0.95,64.595,35.405
2026-02-02 16:32:28.370,2026-02-02 16:32:28.550,2026-02-02 16:32:29.020,2026-02-02 16:32:29.180,2026-02-02 16:32:29.630,92.668,1.263,0.813,0.45,0.648,0.348,0.915,64.356,35.644
2026-02-02 16:32:29.640,2026-02-02 16:32:29.830,2026-02-02 16:32:30.310,2026-02-02 16:32:30.490,2026-02-02 16:32:30.940,90.241,1.297,0.847,0.45,0.665,0.37,0.928,65.318,34.682
2026-02-02 16:32:30.940,2026-02-02 16:32:31.110,2026-02-02 16:32:31.610,2026-02-02 16:32:31.810,2026-02-02 16:32:32.270,90.457,1.33,0.863,0.467,0.663,0.363,0.967,64.912,35.088
2026-02-02 16:32:32.280,2026-02-02 16:32:32.480,2026-02-02 16:32:33.010,2026-02-02 16:32:33.200,2026-02-02 16:32:33.640,82.771,1.36,0.92,0.44,0.725,0.39,0.97,67.647,32.353
2026-02-02 16:32:33.650,2026-02-02 16:32:33.800,2026-02-02 16:32:34.280,2026-02-02 16:32:34.480,2026-02-02 16:32:34.930,95.238,1.275,0.825,0.45,0.63,0.35,0.925,64.705,35.295
2026-02-02 16:32:34.940,2026-02-02 16:32:35.130,2026-02-02 16:32:35.630,2026-02-02 16:32:35.860,2026-02-02 16:32:36.340,86.957,1.4,0.923,0.477,0.69,0.423,0.977,65.952,34.048
2026-02-02 16:32:36.350,2026-02-02 16:32:36.560,2026-02-02 16:32:36.980,2026-02-02 16:32:37.170,2026-02-02 16:32:37.620,94.866,1.27,0.82,0.45,0.633,0.398,0.872,64.567,35.433
2026-02-02 16:32:37.630,2026-02-02 16:32:37.810,2026-02-02 16:32:38.310,2026-02-02 16:32:38.500,2026-02-02 16:32:38.960,88.235,1.332,0.872,0.46,0.68,0.372,0.96,65.478,34.522
2026-02-02 16:32:38.970,2026-02-02 16:32:39.160,2026-02-02 16:32:39.620,2026-02-02 16:32:39.810,2026-02-02 16:32:40.260,92.308,1.29,0.833,0.457,0.65,0.373,0.917,64.599,35.401
2026-02-02 16:32:40.270,2026-02-02 16:32:40.450,2026-02-02 16:32:40.920,2026-02-02 16:32:41.110,2026-02-02 16:32:41.580,92.308,1.31,0.84,0.47,0.65,0.372,0.938,64.122,35.878
2026-02-02 16:32:41.590,2026-02-02 16:32:41.780,2026-02-02 16:32:42.250,2026-02-02 16:32:42.450,2026-02-02 16:32:42.890,90.909,1.3,0.86,0.44,0.66,0.39,0.91,66.154,33.846
2026-02-02 16:32:42.900,2026-02-02 16:32:43.080,2026-02-02 16:32:43.560,2026-02-02 16:32:43.740,2026-02-02 16:32:44.210,90.909,1.31,0.84,0.47,0.66,0.36,0.95,64.122,35.878
2026-02-02 16:32:44.220,2026-02-02 16:32:44.410,2026-02-02 16:32:44.890,2026-02-02 16:32:45.080,2026-02-02 16:32:45.540,89.562,1.317,0.855,0.463,0.67,0.372,0.945,64.894,35.106
2026-02-02 16:32:45.550,2026-02-02 16:32:45.760,2026-02-02 16:32:46.220,2026-02-02 16:32:46.400,2026-02-02 16:32:46.870,89.552,1.32,0.85,0.47,0.67,0.39,0.93,64.394,35.606
2026-02-02 16:32:46.880,2026-02-02 16:32:47.070,2026-02-02 16:32:47.540,2026-02-02 16:32:47.710,2026-02-02 16:32:48.170,90.909,1.29,0.83,0.46,0.66,0.36,0.93,64.341,35.659
2026-02-02 16:32:48.180,2026-02-02 16:32:48.360,2026-02-02 16:32:48.880,2026-02-02 16:32:49.080,2026-02-02 16:32:49.530,86.975,1.35,0.9,0.45,0.69,0.39,0.96,66.667,33.333
2026-02-02 16:32:49.540,2026-02-02 16:32:49.720,2026-02-02 16:32:50.160,2026-02-02 16:32:50.320,2026-02-02 16:32:50.790,96.774,1.25,0.785,0.465,0.62,0.345,0.905,62.8,37.2
2026-02-02 16:32:50.800,2026-02-02 16:32:50.990,2026-02-02 16:32:51.470,2026-02-02 16:32:51.680,2026-02-02 16:32:52.130,89.552,1.33,0.873,0.457,0.67,0.4,0.93,65.664,34.336
2026-02-02 16:32:52.140,2026-02-02 16:32:52.330,2026-02-02 16:32:52.780,2026-02-02 16:32:52.970,2026-02-02 16:32:53.430,94.122,1.287,0.83,0.458,0.637,0.377,0.91,64.467,35.533
2026-02-02 16:32:53.440,2026-02-02 16:32:53.630,2026-02-02 16:32:54.110,2026-02-02 16:32:54.290,2026-02-02 16:32:54.740,89.552,1.3,0.857,0.443,0.67,0.378,0.922,65.962,34.038
2026-02-02 16:32:54.750,2026-02-02 16:32:54.920,2026-02-02 16:32:55.430,2026-02-02 16:32:55.660,2026-02-02 16:32:56.190,88.674,1.44,0.91,0.53,0.677,0.403,1.037,63.194,36.806
2026-02-02 16:32:56.200,2026-02-02 16:32:56.410,2026-02-02 16:32:56.950,2026-02-02 16:32:57.120,2026-02-02 16:32:57.620,81.644,1.417,0.933,0.485,0.735,0.408,1.01,65.786,34.214
2026-02-02 16:32:57.620,2026-02-02 16:32:57.730,2026-02-02 16:32:58.210,2026-02-02 16:32:58.370,2026-02-02 16:32:58.820,102.572,1.2,0.745,0.455,0.585,0.26,0.94,62.083,37.917
2026-02-02 16:32:58.830,2026-02-02 16:32:58.980,2026-02-02 16:32:59.440,2026-02-02 16:32:59.590,2026-02-02 16:33:00.020,98.361,1.183,0.753,0.43,0.61,0.293,0.89,63.661,36.339
2026-02-02 16:33:00.020,2026-02-02 16:33:00.160,2026-02-02 16:33:00.620,2026-02-02 16:33:00.790,2026-02-02 16:33:01.230,98.77,1.21,0.77,0.44,0.608,0.3,0.91,63.636,36.364
2026-02-02 16:33:01.240,2026-02-02 16:33:01.360,2026-02-02 16:33:01.820,2026-02-02 16:33:01.960,2026-02-02 16:33:02.410,103.448,1.17,0.72,0.45,0.58,0.275,0.895,61.538,38.462
2026-02-02 16:33:02.410,2026-02-02 16:33:02.560,2026-02-02 16:33:03.010,2026-02-02 16:33:03.160,2026-02-02 16:33:03.630,101.271,1.213,0.743,0.47,0.592,0.292,0.92,61.237,38.763
2026-02-02 16:33:03.640,2026-02-02 16:33:03.780,2026-02-02 16:33:04.270,2026-02-02 16:33:04.430,2026-02-02 16:33:04.860,95.238,1.22,0.79,0.43,0.63,0.3,0.92,64.754,35.246
2026-02-02 16:33:04.870,2026-02-02 16:33:04.990,2026-02-02 16:33:05.450,2026-02-02 16:33:05.610,2026-02-02 16:33:06.050,103.448,1.18,0.74,0.44,0.58,0.28,0.9,62.712,37.288
2026-02-02 16:33:06.060,2026-02-02 16:33:06.210,2026-02-02 16:33:06.680,2026-02-02 16:33:06.830,2026-02-02 16:33:07.280,96.774,1.22,0.77,0.45,0.62,0.3,0.92,63.115,36.885
2026-02-02 16:33:07.290,2026-02-02 16:33:07.420,2026-02-02 16:33:07.890,2026-02-02 16:33:08.050,2026-02-02 16:33:08.480,100.0,1.19,0.76,0.43,0.6,0.29,0.9,63.866,36.134
2026-02-02 16:33:08.490,2026-02-02 16:33:08.630,2026-02-02 16:33:09.090,2026-02-02 16:33:09.250,2026-02-02 16:33:09.710,100.0,1.218,0.76,0.458,0.6,0.298,0.92,62.424,37.576
2026-02-02 16:33:09.720,2026-02-02 16:33:09.850,2026-02-02 16:33:10.340,2026-02-02 16:33:10.480,2026-02-02 16:33:10.920,96.774,1.2,0.76,0.44,0.62,0.265,0.935,63.333,36.667
2026-02-02 16:33:10.930,2026-02-02 16:33:11.050,2026-02-02 16:33:11.540,2026-02-02 16:33:11.700,2026-02-02 16:33:12.160,98.361,1.23,0.767,0.463,0.61,0.277,0.953,62.331,37.669
2026-02-02 16:33:12.170,2026-02-02 16:33:12.300,2026-02-02 16:33:12.780,2026-02-02 16:33:12.940,2026-02-02 16:33:13.380,98.361,1.21,0.77,0.44,0.61,0.29,0.92,63.636,36.364
2026-02-02 16:33:13.390,2026-02-02 16:33:13.500,2026-02-02 16:33:13.990,2026-02-02 16:33:14.130,2026-02-02 16:33:14.560,100.847,1.17,0.74,0.43,0.595,0.255,0.915,63.248,36.752
2026-02-02 16:33:14.570,2026-02-02 16:33:14.690,2026-02-02 16:33:15.170,2026-02-02 16:33:15.310,2026-02-02 16:33:15.780,100.424,1.213,0.752,0.46,0.598,0.275,0.938,62.063,37.937
2026-02-02 16:33:15.790,2026-02-02 16:33:15.930,2026-02-02 16:33:16.410,2026-02-02 16:33:16.560,2026-02-02 16:33:17.000,96.774,1.21,0.777,0.433,0.62,0.297,0.913,64.187,35.813
2026-02-02 16:33:17.010,2026-02-02 16:33:17.120,2026-02-02 16:33:17.600,2026-02-02 16:33:17.750,2026-02-02 16:33:18.200,101.695,1.19,0.74,0.45,0.59,0.26,0.93,62.185,37.815
2026-02-02 16:33:18.210,2026-02-02 16:33:18.340,2026-02-02 16:33:18.810,2026-02-02 16:33:18.970,2026-02-02 16:33:19.420,100.0,1.21,0.75,0.46,0.6,0.28,0.93,61.983,38.017
2026-02-02 16:33:19.430,2026-02-02 16:33:19.540,2026-02-02 16:33:20.040,2026-02-02 16:33:20.190,2026-02-02 16:33:20.630,98.361,1.203,0.762,0.44,0.61,0.267,0.935,63.409,36.591
2026-02-02 16:33:20.640,2026-02-02 16:33:20.770,2026-02-02 16:33:21.260,2026-02-02 16:33:21.410,2026-02-02 16:33:21.860,96.774,1.22,0.767,0.452,0.62,0.277,0.942,62.91,37.09
2026-02-02 16:33:21.870,2026-02-02 16:33:21.990,2026-02-02 16:33:22.470,2026-02-02 16:33:22.620,2026-02-02 16:33:23.050,100.0,1.18,0.747,0.433,0.6,0.267,0.913,63.277,36.723
2026-02-02 16:33:23.060,2026-02-02 16:33:23.190,2026-02-02 16:33:23.650,2026-02-02 16:33:23.820,2026-02-02 16:33:24.280,101.695,1.218,0.76,0.458,0.59,0.297,0.92,62.424,37.576
2026-02-02 16:33:24.290,2026-02-02 16:33:24.450,2026-02-02 16:33:24.890,2026-02-02 16:33:25.040,2026-02-02 16:33:25.470,100.0,1.18,0.748,0.433,0.6,0.307,0.873,63.347,36.653
2026-02-02 16:33:25.480,2026-02-02 16:33:25.590,2026-02-02 16:33:26.050,2026-02-02 16:33:26.210,2026-02-02 16:33:26.660,105.263,1.18,0.73,0.45,0.57,0.27,0.91,61.864,38.136
2026-02-02 16:33:26.670,2026-02-02 16:33:26.810,2026-02-02 16:33:27.240,2026-02-02 16:33:27.400,2026-02-02 16:33:27.840,105.263,1.17,0.73,0.44,0.57,0.3,0.87,62.393,37.607
2026-02-02 16:33:27.850,2026-02-02 16:33:27.990,2026-02-02 16:33:28.460,2026-02-02 16:33:28.640,2026-02-02 16:33:29.090,98.361,1.243,0.787,0.457,0.61,0.313,0.93,63.273,36.727
2026-02-02 16:33:29.100,2026-02-02 16:33:29.230,2026-02-02 16:33:29.670,2026-02-02 16:33:29.810,2026-02-02 16:33:30.250,107.177,1.145,0.705,0.44,0.56,0.27,0.875,61.571,38.429
2026-02-02 16:33:30.260,2026-02-02 16:33:30.370,2026-02-02 16:33:30.820,2026-02-02 16:33:30.970,2026-02-02 16:33:31.410,107.143,1.15,0.71,0.44,0.56,0.26,0.89,61.739,38.261
2026-02-02 16:33:31.420,2026-02-02 16:33:31.560,2026-02-02 16:33:32.000,2026-02-02 16:33:32.160,2026-02-02 16:33:32.600,103.448,1.18,0.74,0.44,0.58,0.302,0.877,62.712,37.288
2026-02-02 16:33:32.610,2026-02-02 16:33:32.750,2026-02-02 16:33:33.190,2026-02-02 16:33:33.350,2026-02-02 16:33:33.780,103.448,1.17,0.74,0.43,0.58,0.302,0.868,63.248,36.752
2026-02-02 16:33:33.790,2026-02-02 16:33:33.910,2026-02-02 16:33:34.370,2026-02-02 16:33:34.540,2026-02-02 16:33:34.970,103.448,1.18,0.75,0.43,0.58,0.29,0.89,63.559,36.441
2026-02-02 16:33:34.980,2026-02-02 16:33:35.120,2026-02-02 16:33:35.600,2026-02-02 16:33:35.770,2026-02-02 16:33:36.180,96.774,1.2,0.79,0.41,0.62,0.303,0.897,65.833,34.167
2026-02-02 16:33:36.190,2026-02-02 16:33:36.320,2026-02-02 16:33:36.790,2026-02-02 16:33:36.960,2026-02-02 16:33:37.380,100.0,1.19,0.77,0.42,0.6,0.3,0.89,64.706,35.294
2026-02-02 16:33:37.390,2026-02-02 16:33:37.530,2026-02-02 16:33:38.000,2026-02-02 16:33:38.150,2026-02-02 16:33:38.590,98.361,1.2,0.76,0.44,0.61,0.29,0.91,63.333,36.667
2026-02-02 16:33:38.600,2026-02-02 16:33:38.710,2026-02-02 16:33:39.180,2026-02-02 16:33:39.340,2026-02-02 16:33:39.780,103.448,1.18,0.74,0.44,0.58,0.275,0.905,62.712,37.288
2026-02-02 16:33:39.790,2026-02-02 16:33:39.920,2026-02-02 16:33:40.410,2026-02-02 16:33:40.550,2026-02-02 16:33:40.990,96.774,1.2,0.767,0.433,0.62,0.277,0.923,63.889,36.111
2026-02-02 16:33:41.000,2026-02-02 16:33:41.110,2026-02-02 16:33:41.580,2026-02-02 16:33:41.740,2026-02-02 16:33:42.200,103.448,1.2,0.74,0.46,0.58,0.277,0.923,61.667,38.333
2026-02-02 16:33:42.210,2026-02-02 16:33:42.330,2026-02-02 16:33:42.790,2026-02-02 16:33:42.950,2026-02-02 16:33:43.390,103.448,1.18,0.74,0.44,0.58,0.28,0.9,62.712,37.288
2026-02-02 16:33:43.400,2026-02-02 16:33:43.520,2026-02-02 16:33:43.980,2026-02-02 16:33:44.130,2026-02-02 16:33:44.580,103.448,1.18,0.733,0.447,0.58,0.272,0.907,62.076,37.924
2026-02-02 16:33:44.590,2026-02-02 16:33:44.720,2026-02-02 16:33:45.170,2026-02-02 16:33:45.320,2026-02-02 16:33:45.780,103.448,1.19,0.73,0.46,0.58,0.28,0.91,61.345,38.655
2026-02-02 16:33:45.790,2026-02-02 16:33:45.930,2026-02-02 16:33:46.370,2026-02-02 16:33:46.530,2026-02-02 16:33:46.970,102.586,1.18,0.74,0.44,0.585,0.29,0.89,62.712,37.288
2026-02-02 16:33:46.980,2026-02-02 16:33:47.100,2026-02-02 16:33:47.560,2026-02-02 16:33:47.720,2026-02-02 16:33:48.160,103.448,1.18,0.74,0.44,0.58,0.28,0.9,62.712,37.288
2026-02-02 16:33:48.170,2026-02-02 16:33:48.290,2026-02-02 16:33:48.770,2026-02-02 16:33:48.920,2026-02-02 16:33:49.350,100.0,1.18,0.75,0.43,0.6,0.27,0.91,63.559,36.441
2026-02-02 16:33:49.360,2026-02-02 16:33:49.470,2026-02-02 16:33:49.950,2026-02-02 16:33:50.100,2026-02-02 16:33:50.550,102.133,1.193,0.743,0.45,0.588,0.265,0.928,62.264,37.736
2026-02-02 16:33:50.560,2026-02-02 16:33:50.690,2026-02-02 16:33:51.180,2026-02-02 16:33:51.330,2026-02-02 16:33:51.760,98.387,1.195,0.765,0.43,0.61,0.28,0.915,64.016,35.984
2026-02-02 16:33:51.770,2026-02-02 16:33:51.900,2026-02-02 16:33:52.360,2026-02-02 16:33:52.510,2026-02-02 16:33:52.960,101.695,1.19,0.733,0.458,0.59,0.273,0.917,61.555,38.445
2026-02-02 16:33:52.970,2026-02-02 16:33:53.090,2026-02-02 16:33:53.530,2026-02-02 16:33:53.680,2026-02-02 16:33:54.140,106.516,1.17,0.717,0.453,0.563,0.273,0.897,61.254,38.746
2026-02-02 16:33:54.150,2026-02-02 16:33:54.300,2026-02-02 16:33:54.730,2026-02-02 16:33:54.880,2026-02-02 16:33:55.320,104.356,1.17,0.735,0.435,0.575,0.31,0.86,62.821,37.179
2026-02-02 16:33:55.330,2026-02-02 16:33:55.460,2026-02-02 16:33:55.880,2026-02-02 16:33:56.020,2026-02-02 16:33:56.460,109.091,1.13,0.688,0.443,0.55,0.267,0.863,60.841,39.159
2026-02-02 16:33:56.470,2026-02-02 16:33:56.590,2026-02-02 16:33:57.000,2026-02-02 16:33:57.120,2026-02-02 16:33:57.540,113.208,1.07,0.65,0.42,0.53,0.24,0.83,60.748,39.252
2026-02-02 16:33:57.550,2026-02-02 16:33:57.690,2026-02-02 16:33:58.070,2026-02-02 16:33:58.190,2026-02-02 16:33:58.600,115.385,1.05,0.64,0.41,0.52,0.26,0.79,60.952,39.048
2026-02-02 16:33:58.610,2026-02-02 16:33:58.740,2026-02-02 16:33:59.130,2026-02-02 16:33:59.260,2026-02-02 16:33:59.670,115.385,1.06,0.645,0.415,0.52,0.255,0.805,60.849,39.151
2026-02-02 16:33:59.680,2026-02-02 16:33:59.800,2026-02-02 16:34:00.210,2026-02-02 16:34:00.330,2026-02-02 16:34:00.750,113.208,1.072,0.652,0.42,0.53,0.242,0.83,60.841,39.159
2026-02-02 16:34:00.760,2026-02-02 16:34:00.890,2026-02-02 16:34:01.300,2026-02-02 16:34:01.410,2026-02-02 16:34:01.820,110.101,1.06,0.65,0.41,0.545,0.235,0.825,61.321,38.679
2026-02-02 16:34:01.830,2026-02-02 16:34:01.960,2026-02-02 16:34:02.370,2026-02-02 16:34:02.490,2026-02-02 16:34:02.900,112.159,1.073,0.663,0.41,0.535,0.26,0.812,61.773,38.227
2026-02-02 16:34:02.910,2026-02-02 16:34:03.040,2026-02-02 16:34:03.430,2026-02-02 16:34:03.550,2026-02-02 16:34:03.970,114.84,1.052,0.647,0.405,0.522,0.255,0.798,61.523,38.477
2026-02-02 16:34:03.970,2026-02-02 16:34:04.120,2026-02-02 16:34:04.500,2026-02-02 16:34:04.630,2026-02-02 16:34:05.050,113.208,1.08,0.66,0.42,0.53,0.28,0.8,61.111,38.889
2026-02-02 16:34:05.060,2026-02-02 16:34:05.200,2026-02-02 16:34:05.600,2026-02-02 16:34:05.710,2026-02-02 16:34:06.120,111.635,1.057,0.648,0.41,0.537,0.248,0.81,61.229,38.771
2026-02-02 16:34:06.130,2026-02-02 16:34:06.270,2026-02-02 16:34:06.670,2026-02-02 16:34:06.790,2026-02-02 16:34:07.200,111.111,1.07,0.662,0.408,0.54,0.262,0.808,61.916,38.084
2026-02-02 16:34:07.210,2026-02-02 16:34:07.330,2026-02-02 16:34:07.750,2026-02-02 16:34:07.870,2026-02-02 16:34:08.270,110.606,1.06,0.66,0.4,0.542,0.237,0.823,62.264,37.736
2026-02-02 16:34:08.280,2026-02-02 16:34:08.410,2026-02-02 16:34:08.830,2026-02-02 16:34:08.950,2026-02-02 16:34:09.340,109.091,1.067,0.67,0.397,0.55,0.25,0.817,62.765,37.235
2026-02-02 16:34:09.350,2026-02-02 16:34:09.500,2026-02-02 16:34:09.910,2026-02-02 16:34:10.030,2026-02-02 16:34:10.440,107.63,1.083,0.673,0.41,0.558,0.257,0.825,62.124,37.876
2026-02-02 16:34:10.450,2026-02-02 16:34:10.580,2026-02-02 16:34:11.010,2026-02-02 16:34:11.140,2026-02-02 16:34:11.550,107.143,1.1,0.688,0.412,0.56,0.257,0.842,62.5,37.5
2026-02-02 16:34:11.560,2026-02-02 16:34:11.690,2026-02-02 16:34:12.070,2026-02-02 16:34:12.190,2026-02-02 16:34:12.600,117.647,1.04,0.63,0.41,0.51,0.25,0.79,60.577,39.423
2026-02-02 16:34:12.610,2026-02-02 16:34:12.740,2026-02-02 16:34:13.130,2026-02-02 16:34:13.260,2026-02-02 16:34:13.680,115.385,1.063,0.648,0.415,0.52,0.257,0.805,60.942,39.058
2026-02-02 16:34:13.680,2026-02-02 16:34:13.800,2026-02-02 16:34:14.230,2026-02-02 16:34:14.350,2026-02-02 16:34:14.760,109.091,1.082,0.67,0.413,0.55,0.242,0.84,61.895,38.105
2026-02-02 16:34:14.770,2026-02-02 16:34:14.910,2026-02-02 16:34:15.320,2026-02-02 16:34:15.430,2026-02-02 16:34:15.850,109.091,1.08,0.66,0.42,0.55,0.25,0.83,61.111,38.889
2026-02-02 16:34:15.850,2026-02-02 16:34:15.980,2026-02-02 16:34:16.390,2026-02-02 16:34:16.510,2026-02-02 16:34:16.910,113.228,1.055,0.66,0.395,0.53,0.26,0.795,62.561,37.439
2026-02-02 16:34:16.920,2026-02-02 16:34:17.040,2026-02-02 16:34:17.470,2026-02-02 16:34:17.570,2026-02-02 16:34:17.980,109.091,1.06,0.653,0.407,0.55,0.223,0.837,61.635,38.365
2026-02-02 16:34:17.990,2026-02-02 16:34:18.110,2026-02-02 16:34:18.530,2026-02-02 16:34:18.650,2026-02-02 16:34:19.050,111.137,1.057,0.66,0.397,0.54,0.237,0.82,62.462,37.538
2026-02-02 16:34:19.060,2026-02-02 16:34:19.200,2026-02-02 16:34:19.570,2026-02-02 16:34:19.670,2026-02-02 16:34:20.090,118.824,1.03,0.61,0.42,0.505,0.238,0.792,59.223,40.777
2026-02-02 16:34:20.100,2026-02-02 16:34:20.200,2026-02-02 16:34:20.630,2026-02-02 16:34:20.760,2026-02-02 16:34:21.180,112.159,1.075,0.66,0.415,0.535,0.225,0.85,61.397,38.603
2026-02-02 16:34:21.180,2026-02-02 16:34:21.310,2026-02-02 16:34:21.730,2026-02-02 16:34:21.830,2026-02-02 16:34:22.240,109.596,1.06,0.652,0.408,0.547,0.227,0.833,61.557,38.443
2026-02-02 16:34:22.250,2026-02-02 16:34:22.370,2026-02-02 16:34:22.780,2026-02-02 16:34:22.900,2026-02-02 16:34:23.320,112.683,1.07,0.65,0.42,0.532,0.243,0.827,60.748,39.252
2026-02-02 16:34:23.330,2026-02-02 16:34:23.450,2026-02-02 16:34:23.880,2026-02-02 16:34:23.990,2026-02-02 16:34:24.410,109.091,1.08,0.66,0.42,0.55,0.23,0.85,61.111,38.889
2026-02-02 16:34:24.420,2026-02-02 16:34:24.540,2026-02-02 16:34:24.960,2026-02-02 16:34:25.060,2026-02-02 16:34:25.480,111.111,1.06,0.64,0.42,0.54,0.22,0.84,60.377,39.623
2026-02-02 16:34:25.490,2026-02-02 16:34:25.600,2026-02-02 16:34:26.050,2026-02-02 16:34:26.150,2026-02-02 16:34:26.570,107.63,1.08,0.66,0.42,0.557,0.22,0.86,61.111,38.889
2026-02-02 16:34:26.580,2026-02-02 16:34:26.710,2026-02-02 16:34:27.130,2026-02-02 16:34:27.220,2026-02-02 16:34:27.640,109.596,1.06,0.645,0.415,0.548,0.228,0.833,60.849,39.151
2026-02-02 16:34:27.650,2026-02-02 16:34:27.770,2026-02-02 16:34:28.190,2026-02-02 16:34:28.310,2026-02-02 16:34:28.720,111.111,1.07,0.66,0.41,0.54,0.24,0.83,61.682,38.318
2026-02-02 16:34:28.730,2026-02-02 16:34:28.850,2026-02-02 16:34:29.290,2026-02-02 16:34:29.400,2026-02-02 16:34:29.810,107.143,1.08,0.67,0.41,0.56,0.23,0.85,62.037,37.963
2026-02-02 16:34:29.820,2026-02-02 16:34:29.950,2026-02-02 16:34:30.360,2026-02-02 16:34:30.480,2026-02-02 16:34:30.890,110.101,1.07,0.66,0.41,0.545,0.245,0.825,61.682,38.318
2026-02-02 16:34:30.900,2026-02-02 16:34:31.040,2026-02-02 16:34:31.440,2026-02-02 16:34:31.560,2026-02-02 16:34:31.970,111.111,1.062,0.66,0.403,0.54,0.26,0.803,62.119,37.881
2026-02-02 16:34:31.970,2026-02-02 16:34:32.100,2026-02-02 16:34:32.510,2026-02-02 16:34:32.630,2026-02-02 16:34:33.040,111.111,1.07,0.663,0.407,0.54,0.253,0.817,61.994,38.006
2026-02-02 16:34:33.050,2026-02-02 16:34:33.190,2026-02-02 16:34:33.610,2026-02-02 16:34:33.720,2026-02-02 16:34:34.130,107.143,1.08,0.67,0.41,0.56,0.245,0.835,62.037,37.963
2026-02-02 16:34:34.140,2026-02-02 16:34:34.270,2026-02-02 16:34:34.670,2026-02-02 16:34:34.790,2026-02-02 16:34:35.210,112.683,1.067,0.652,0.415,0.532,0.25,0.818,61.125,38.875
2026-02-02 16:34:35.220,2026-02-02 16:34:35.340,2026-02-02 16:34:35.770,2026-02-02 16:34:35.890,2026-02-02 16:34:36.300,109.091,1.075,0.68,0.395,0.55,0.25,0.825,63.257,36.743
2026-02-02 16:34:36.300,2026-02-02 16:34:36.420,2026-02-02 16:34:36.840,2026-02-02 16:34:36.970,2026-02-02 16:34:37.370,113.248,1.065,0.66,0.405,0.53,0.253,0.812,61.969,38.031
2026-02-02 16:34:37.380,2026-02-02 16:34:37.500,2026-02-02 16:34:37.930,2026-02-02 16:34:38.050,2026-02-02 16:34:38.460,111.149,1.08,0.665,0.415,0.54,0.24,0.84,61.574,38.426
2026-02-02 16:34:38.470,2026-02-02 16:34:38.610,2026-02-02 16:34:39.020,2026-02-02 16:34:39.140,2026-02-02 16:34:39.550,109.091,1.08,0.67,0.41,0.55,0.255,0.825,62.037,37.963
2026-02-02 16:34:39.560,2026-02-02 16:34:39.680,2026-02-02 16:34:40.080,2026-02-02 16:34:40.220,2026-02-02 16:34:40.630,114.296,1.07,0.66,0.41,0.525,0.26,0.81,61.682,38.318
2026-02-02 16:34:40.640,2026-02-02 16:34:40.770,2026-02-02 16:34:41.170,2026-02-02 16:34:41.290,2026-02-02 16:34:41.710,112.683,1.07,0.65,0.42,0.532,0.247,0.823,60.748,39.252
2026-02-02 16:34:41.720,2026-02-02 16:34:41.860,2026-02-02 16:34:42.250,2026-02-02 16:34:42.380,2026-02-02 16:34:42.790,113.208,1.07,0.658,0.412,0.53,0.26,0.81,61.449,38.551
2026-02-02 16:34:42.800,2026-02-02 16:34:42.920,2026-02-02 16:34:43.330,2026-02-02 16:34:43.450,2026-02-02 16:34:43.850,113.752,1.052,0.653,0.4,0.527,0.25,0.802,61.997,38.003
2026-02-02 16:34:43.860,2026-02-02 16:34:44.000,2026-02-02 16:34:44.410,2026-02-02 16:34:44.530,2026-02-02 16:34:44.940,109.596,1.078,0.668,0.41,0.548,0.255,0.823,61.948,38.052
2026-02-02 16:34:44.950,2026-02-02 16:34:45.070,2026-02-02 16:34:45.470,2026-02-02 16:34:45.590,2026-02-02 16:34:46.000,115.385,1.05,0.64,0.41,0.52,0.24,0.81,60.952,39.048
2026-02-02 16:34:46.010,2026-02-02 16:34:46.150,2026-02-02 16:34:46.530,2026-02-02 16:34:46.660,2026-02-02 16:34:47.070,115.385,1.06,0.65,0.41,0.52,0.265,0.795,61.321,38.679
2026-02-02 16:34:47.070,2026-02-02 16:34:47.210,2026-02-02 16:34:47.620,2026-02-02 16:34:47.730,2026-02-02 16:34:48.150,112.178,1.073,0.653,0.42,0.535,0.243,0.83,60.839,39.161
2026-02-02 16:34:48.150,2026-02-02 16:34:48.280,2026-02-02 16:34:48.680,2026-02-02 16:34:48.810,2026-02-02 16:34:49.220,114.84,1.062,0.645,0.418,0.522,0.25,0.813,60.704,39.296
2026-02-02 16:34:49.230,2026-02-02 16:34:49.350,2026-02-02 16:34:49.760,2026-02-02 16:34:49.890,2026-02-02 16:34:50.310,113.208,1.08,0.66,0.42,0.53,0.26,0.82,61.111,38.889
2026-02-02 16:34:50.320,2026-02-02 16:34:50.460,2026-02-02 16:34:50.860,2026-02-02 16:34:50.960,2026-02-02 16:34:51.380,111.111,1.06,0.64,0.42,0.54,0.238,0.822,60.377,39.623
2026-02-02 16:34:51.390,2026-02-02 16:34:51.520,2026-02-02 16:34:51.930,2026-02-02 16:34:52.040,2026-02-02 16:34:52.450,111.111,1.06,0.65,0.41,0.54,0.24,0.82,61.321,38.679
2026-02-02 16:34:52.460,2026-02-02 16:34:52.590,2026-02-02 16:34:53.010,2026-02-02 16:34:53.140,2026-02-02 16:34:53.550,109.091,1.09,0.678,0.412,0.55,0.257,0.832,62.156,37.844
2026-02-02 16:34:53.560,2026-02-02 16:34:53.700,2026-02-02 16:34:54.110,2026-02-02 16:34:54.210,2026-02-02 16:34:54.620,111.13,1.052,0.65,0.402,0.54,0.245,0.807,61.759,38.241
2026-02-02 16:34:54.620,2026-02-02 16:34:54.760,2026-02-02 16:34:55.170,2026-02-02 16:34:55.280,2026-02-02 16:34:55.700,111.654,1.075,0.652,0.423,0.538,0.24,0.835,60.7,39.3
2026-02-02 16:34:55.710,2026-02-02 16:34:55.830,2026-02-02 16:34:56.230,2026-02-02 16:34:56.320,2026-02-02 16:34:56.710,115.385,1.0,0.61,0.39,0.52,0.21,0.79,61.0,39.0
2026-02-02 16:34:56.720,2026-02-02 16:34:56.840,2026-02-02 16:34:57.230,2026-02-02 16:34:57.330,2026-02-02 16:34:57.720,118.235,1.0,0.61,0.39,0.507,0.222,0.778,61.0,39.0
2026-02-02 16:34:57.730,2026-02-02 16:34:57.840,2026-02-02 16:34:58.230,2026-02-02 16:34:58.320,2026-02-02 16:34:58.710,120.0,0.98,0.59,0.39,0.5,0.2,0.78,60.204,39.796
2026-02-02 16:34:58.720,2026-02-02 16:34:58.840,2026-02-02 16:34:59.220,2026-02-02 16:34:59.330,2026-02-02 16:34:59.730,118.824,1.01,0.61,0.4,0.505,0.225,0.785,60.396,39.604
2026-02-02 16:34:59.740,2026-02-02 16:34:59.850,2026-02-02 16:35:00.240,2026-02-02 16:35:00.330,2026-02-02 16:35:00.730,120.612,0.99,0.59,0.4,0.498,0.2,0.79,59.596,40.404
2026-02-02 16:35:00.740,2026-02-02 16:35:00.860,2026-02-02 16:35:01.230,2026-02-02 16:35:01.320,2026-02-02 16:35:01.720,122.449,0.973,0.582,0.39,0.49,0.212,0.76,59.899,40.101
2026-02-02 16:35:01.720,2026-02-02 16:35:01.830,2026-02-02 16:35:02.230,2026-02-02 16:35:02.320,2026-02-02 16:35:02.710,118.235,0.993,0.6,0.393,0.507,0.205,0.788,60.455,39.545
2026-02-02 16:35:02.720,2026-02-02 16:35:02.830,2026-02-02 16:35:03.230,2026-02-02 16:35:03.330,2026-02-02 16:35:03.710,117.647,0.99,0.61,0.38,0.51,0.21,0.78,61.616,38.384
2026-02-02 16:35:03.720,2026-02-02 16:35:03.830,2026-02-02 16:35:04.240,2026-02-02 16:35:04.330,2026-02-02 16:35:04.720,115.385,1.0,0.61,0.39,0.52,0.2,0.8,61.0,39.0
2026-02-02 16:35:04.730,2026-02-02 16:35:04.840,2026-02-02 16:35:05.230,2026-02-02 16:35:05.330,2026-02-02 16:35:05.730,120.0,1.0,0.6,0.4,0.5,0.21,0.79,60.0,40.0
2026-02-02 16:35:05.740,2026-02-02 16:35:05.850,2026-02-02 16:35:06.230,2026-02-02 16:35:06.330,2026-02-02 16:35:06.720,122.449,0.98,0.59,0.39,0.49,0.207,0.773,60.204,39.796
2026-02-02 16:35:06.730,2026-02-02 16:35:06.840,2026-02-02 16:35:07.230,2026-02-02 16:35:07.330,2026-02-02 16:35:07.720,120.0,0.99,0.6,0.39,0.5,0.21,0.78,60.606,39.394
2026-02-02 16:35:07.730,2026-02-02 16:35:07.840,2026-02-02 16:35:08.230,2026-02-02 16:35:08.330,2026-02-02 16:35:08.720,120.0,0.99,0.6,0.39,0.5,0.21,0.78,60.606,39.394
2026-02-02 16:35:08.730,2026-02-02 16:35:08.840,2026-02-02 16:35:09.230,2026-02-02 16:35:09.320,2026-02-02 16:35:09.720,120.0,0.99,0.595,0.395,0.5,0.205,0.785,60.101,39.899
2026-02-02 16:35:09.730,2026-02-02 16:35:09.840,2026-02-02 16:35:10.230,2026-02-02 16:35:10.330,2026-02-02 16:35:10.710,120.0,0.983,0.6,0.383,0.5,0.21,0.773,61.07,38.93
2026-02-02 16:35:10.720,2026-02-02 16:35:10.830,2026-02-02 16:35:11.240,2026-02-02 16:35:11.340,2026-02-02 16:35:11.730,115.385,1.01,0.62,0.39,0.52,0.21,0.8,61.386,38.614
2026-02-02 16:35:11.730,2026-02-02 16:35:11.850,2026-02-02 16:35:12.250,2026-02-02 16:35:12.350,2026-02-02 16:35:12.740,115.385,1.002,0.612,0.39,0.52,0.205,0.798,61.097,38.903
2026-02-02 16:35:12.750,2026-02-02 16:35:12.860,2026-02-02 16:35:13.250,2026-02-02 16:35:13.340,2026-02-02 16:35:13.740,121.837,0.983,0.59,0.393,0.493,0.207,0.775,60.052,39.948
2026-02-02 16:35:13.740,2026-02-02 16:35:13.860,2026-02-02 16:35:14.260,2026-02-02 16:35:14.350,2026-02-02 16:35:14.730,115.385,0.99,0.61,0.38,0.52,0.21,0.78,61.616,38.384
2026-02-02 16:35:14.740,2026-02-02 16:35:14.850,2026-02-02 16:35:15.240,2026-02-02 16:35:15.340,2026-02-02 16:35:15.730,119.412,0.993,0.6,0.393,0.502,0.207,0.785,60.455,39.545
2026-02-02 16:35:15.740,2026-02-02 16:35:15.860,2026-02-02 16:35:16.270,2026-02-02 16:35:16.370,2026-02-02 16:35:16.750,113.208,1.002,0.63,0.373,0.53,0.22,0.783,62.844,37.156
2026-02-02 16:35:16.750,2026-02-02 16:35:16.870,2026-02-02 16:35:17.270,2026-02-02 16:35:17.370,2026-02-02 16:35:17.760,115.385,1.01,0.622,0.388,0.52,0.222,0.788,61.634,38.366
2026-02-02 16:35:17.770,2026-02-02 16:35:17.890,2026-02-02 16:35:18.290,2026-02-02 16:35:18.390,2026-02-02 16:35:18.790,116.538,1.017,0.618,0.4,0.515,0.218,0.8,60.687,39.313
2026-02-02 16:35:18.800,2026-02-02 16:35:18.920,2026-02-02 16:35:19.310,2026-02-02 16:35:19.400,2026-02-02 16:35:19.810,117.647,1.007,0.6,0.407,0.51,0.208,0.8,59.554,40.446
2026-02-02 16:35:19.820,2026-02-02 16:35:19.930,2026-02-02 16:35:20.330,2026-02-02 16:35:20.430,2026-02-02 16:35:20.810,117.647,0.988,0.608,0.38,0.51,0.208,0.78,61.518,38.482
2026-02-02 16:35:20.810,2026-02-02 16:35:20.930,2026-02-02 16:35:21.330,2026-02-02 16:35:21.430,2026-02-02 16:35:21.810,116.516,0.995,0.615,0.38,0.515,0.21,0.785,61.808,38.192
2026-02-02 16:35:21.820,2026-02-02 16:35:21.930,2026-02-02 16:35:22.330,2026-02-02 16:35:22.430,2026-02-02 16:35:22.830,117.647,1.01,0.61,0.4,0.51,0.21,0.8,60.396,39.604
2026-02-02 16:35:22.840,2026-02-02 16:35:22.950,2026-02-02 16:35:23.360,2026-02-02 16:35:23.460,2026-02-02 16:35:23.840,115.95,0.998,0.618,0.38,0.517,0.203,0.795,61.904,38.096
2026-02-02 16:35:23.840,2026-02-02 16:35:23.960,2026-02-02 16:35:24.370,2026-02-02 16:35:24.460,2026-02-02 16:35:24.850,113.752,1.005,0.623,0.382,0.528,0.213,0.792,61.943,38.057
2026-02-02 16:35:24.860,2026-02-02 16:35:24.970,2026-02-02 16:35:25.380,2026-02-02 16:35:25.480,2026-02-02 16:35:25.870,115.385,1.013,0.618,0.395,0.52,0.215,0.798,60.991,39.009
2026-02-02 16:35:25.880,2026-02-02 16:35:26.000,2026-02-02 16:35:26.390,2026-02-02 16:35:26.490,2026-02-02 16:35:26.880,118.235,1.002,0.607,0.395,0.507,0.217,0.785,60.601,39.399
2026-02-02 16:35:26.890,2026-02-02 16:35:27.000,2026-02-02 16:35:27.420,2026-02-02 16:35:27.510,2026-02-02 16:35:27.910,113.208,1.017,0.625,0.393,0.53,0.205,0.813,61.425,38.575
2026-02-02 16:35:27.910,2026-02-02 16:35:28.040,2026-02-02 16:35:28.420,2026-02-02 16:35:28.530,2026-02-02 16:35:28.920,117.647,1.002,0.62,0.383,0.51,0.232,0.77,61.847,38.153
2026-02-02 16:35:28.930,2026-02-02 16:35:29.050,2026-02-02 16:35:29.430,2026-02-02 16:35:29.560,2026-02-02 16:35:29.950,120.0,1.02,0.625,0.395,0.5,0.245,0.775,61.274,38.726
2026-02-02 16:35:29.960,2026-02-02 16:35:30.060,2026-02-02 16:35:30.460,2026-02-02 16:35:30.550,2026-02-02 16:35:30.940,120.0,0.98,0.59,0.39,0.5,0.19,0.79,60.204,39.796
2026-02-02 16:35:30.950,2026-02-02 16:35:31.070,2026-02-02 16:35:31.470,2026-02-02 16:35:31.570,2026-02-02 16:35:31.970,115.385,1.02,0.62,0.4,0.52,0.22,0.8,60.784,39.216
2026-02-02 16:35:31.980,2026-02-02 16:35:32.090,2026-02-02 16:35:32.490,2026-02-02 16:35:32.580,2026-02-02 16:35:32.970,117.647,0.99,0.6,0.39,0.51,0.2,0.79,60.606,39.394
2026-02-02 16:35:32.980,2026-02-02 16:35:33.100,2026-02-02 16:35:33.480,2026-02-02 16:35:33.590,2026-02-02 16:35:33.990,120.0,1.01,0.607,0.403,0.5,0.223,0.787,60.066,39.934
2026-02-02 16:35:34.000,2026-02-02 16:35:34.130,2026-02-02 16:35:34.530,2026-02-02 16:35:34.620,2026-02-02 16:35:35.010,114.659,1.01,0.617,0.393,0.523,0.223,0.787,61.056,38.944
2026-02-02 16:35:35.020,2026-02-02 16:35:35.140,2026-02-02 16:35:35.530,2026-02-02 16:35:35.630,2026-02-02 16:35:36.020,117.647,1.0,0.61,0.39,0.51,0.22,0.78,61.0,39.0
2026-02-02 16:35:36.030,2026-02-02 16:35:36.140,2026-02-02 16:35:36.540,2026-02-02 16:35:36.650,2026-02-02 16:35:37.040,117.647,1.01,0.615,0.395,0.51,0.215,0.795,60.891,39.109
2026-02-02 16:35:37.050,2026-02-02 16:35:37.150,2026-02-02 16:35:37.540,2026-02-02 16:35:37.640,2026-02-02 16:35:38.030,122.449,0.985,0.59,0.395,0.49,0.2,0.785,59.9,40.1
2026-02-02 16:35:38.040,2026-02-02 16:35:38.160,2026-02-02 16:35:38.550,2026-02-02 16:35:38.650,2026-02-02 16:35:39.040,118.824,1.002,0.605,0.397,0.505,0.22,0.782,60.349,39.651
2026-02-02 16:35:39.050,2026-02-02 16:35:39.160,2026-02-02 16:35:39.560,2026-02-02 16:35:39.660,2026-02-02 16:35:40.040,118.258,0.993,0.605,0.387,0.507,0.21,0.782,60.957,39.043
2026-02-02 16:35:40.050,2026-02-02 16:35:40.170,2026-02-02 16:35:40.570,2026-02-02 16:35:40.670,2026-02-02 16:35:41.050,117.104,0.995,0.615,0.38,0.512,0.213,0.782,61.808,38.192
2026-02-02 16:35:41.060,2026-02-02 16:35:41.170,2026-02-02 16:35:41.570,2026-02-02 16:35:41.680,2026-02-02 16:35:42.060,117.647,1.0,0.618,0.382,0.51,0.218,0.782,61.75,38.25
2026-02-02 16:35:42.070,2026-02-02 16:35:42.190,2026-02-02 16:35:42.600,2026-02-02 16:35:42.690,2026-02-02 16:35:43.080,113.208,1.01,0.62,0.39,0.53,0.21,0.8,61.386,38.614
2026-02-02 16:35:43.090,2026-02-02 16:35:43.200,2026-02-02 16:35:43.600,2026-02-02 16:35:43.690,2026-02-02 16:35:44.080,117.647,0.99,0.6,0.39,0.51,0.2,0.79,60.606,39.394
2026-02-02 16:35:44.090,2026-02-02 16:35:44.200,2026-02-02 16:35:44.600,2026-02-02 16:35:44.700,2026-02-02 16:35:45.090,117.647,1.0,0.61,0.39,0.51,0.21,0.79,61.0,39.0
2026-02-02 16:35:45.100,2026-02-02 16:35:45.210,2026-02-02 16:35:45.600,2026-02-02 16:35:45.700,2026-02-02 16:35:46.110,119.412,1.01,0.6,0.41,0.502,0.208,0.802,59.406,40.594
2026-02-02 16:35:46.120,2026-02-02 16:35:46.220,2026-02-02 16:35:46.610,2026-02-02 16:35:46.700,2026-02-02 16:35:47.090,122.449,0.97,0.58,0.39,0.49,0.193,0.777,59.794,40.206
2026-02-02 16:35:47.100,2026-02-02 16:35:47.220,2026-02-02 16:35:47.610,2026-02-02 16:35:47.690,2026-02-02 16:35:48.100,117.647,1.0,0.595,0.405,0.51,0.205,0.795,59.5,40.5
2026-02-02 16:35:48.110,2026-02-02 16:35:48.210,2026-02-02 16:35:48.600,2026-02-02 16:35:48.690,2026-02-02 16:35:49.090,122.449,0.98,0.58,0.4,0.49,0.19,0.79,59.184,40.816
2026-02-02 16:35:49.100,2026-02-02 16:35:49.220,2026-02-02 16:35:49.610,2026-02-02 16:35:49.710,2026-02-02 16:35:50.110,117.081,1.007,0.61,0.397,0.512,0.218,0.79,60.547,39.453
2026-02-02 16:35:50.110,2026-02-02 16:35:50.220,2026-02-02 16:35:50.590,2026-02-02 16:35:50.690,2026-02-02 16:35:51.080,125.0,0.965,0.575,0.39,0.48,0.2,0.765,59.584,40.416
2026-02-02 16:35:51.090,2026-02-02 16:35:51.210,2026-02-02 16:35:51.590,2026-02-02 16:35:51.680,2026-02-02 16:35:52.100,119.216,1.003,0.597,0.407,0.503,0.213,0.79,59.472,40.528
2026-02-02 16:35:52.100,2026-02-02 16:35:52.200,2026-02-02 16:35:52.570,2026-02-02 16:35:52.650,2026-02-02 16:35:53.060,127.66,0.96,0.55,0.41,0.47,0.185,0.775,57.292,42.708
2026-02-02 16:35:53.070,2026-02-02 16:35:53.160,2026-02-02 16:35:53.570,2026-02-02 16:35:53.670,2026-02-02 16:35:54.060,120.0,0.99,0.6,0.39,0.5,0.19,0.8,60.606,39.394
